"string_id","section_id","section","element","status","en","es","translator_notes"
"csc-001","Page metadata","Page metadata","title","DRAFT","Criar Sin Culpas · Case Study | LG Studio","Criar Sin Culpas · Estudio de Caso | LG Studio",""
"csc-002","Page metadata","Page metadata","meta [content]","DRAFT","How a trusted voice with an audience became a structured bilingual brand, owned platform, support system, product architecture, and operating practice.","Cómo una voz de confianza con audiencia se convirtió en una marca bilingüe estructurada, una plataforma propia, un sistema de apoyo, una arquitectura de producto y una práctica operativa.",""
"csc-003","open","00 · Hero","img [alt]","REVISED","A mother and child sharing a quiet moment in a sunlit room","Una madre y su hijo compartiendo un momento tranquilo en una habitación iluminada por el sol",""
"csc-004","open","00 · Hero","span","REVISED","CRIAR SIN CULPAS · LIVING CASE STUDY · APRIL–AUGUST 2026","CRIAR SIN CULPAS · ESTUDIO DE CASO VIVO · ABRIL–AGOSTO 2026",""
"csc-005","open","00 · Hero","h1","REVISED","The trust was already there. [line break] The system wasn't","La confianza ya existía. [line break] El sistema, no",""
"csc-006","open","00 · Hero","p","REVISED","Nari came to me with a trusted voice, a growing audience, years of teaching, and more useful material than any platform could hold. I reframed her growth challenge as a systems problem: how could her expertise become a coherent practice that people could use, Nari could sustain, and the business could grow around? The value was already there. It needed an architecture.","Nari llegó con algo que muchas marcas pasan años intentando construir: credibilidad, una comunidad en crecimiento y años de conocimiento probado. El problema no era el contenido. Había de sobra. El verdadero reto era transformar todo ese valor en un sistema claro, sostenible y escalable. Uno que la gente pudiera aplicar, que Nari pudiera sostener en el tiempo y que permitiera que el negocio creciera. El valor ya estaba ahí. Lo que faltaba era la estructura.",""
"csc-007","open","00 · Hero","p","REVISED","Formation arc","Arco de formación",""
"csc-008","open","00 · Hero","div [aria-label]","REVISED","Formation sequence","Secuencia de formación",""
"csc-009","open","00 · Hero","span","REVISED","Voice","Voz",""
"csc-010","open","00 · Hero","span","REVISED","Brand","Marca",""
"csc-011","open","00 · Hero","span","REVISED","Platform","Plataforma",""
"csc-012","open","00 · Hero","span","REVISED","Support","Apoyo",""
"csc-013","open","00 · Hero","span","REVISED","Product","Producto",""
"csc-014","open","00 · Hero","span","REVISED","Operations","Operación",""
"csc-015","open","00 · Hero","p","REVISED","The voice was already there. I designed everything downstream of it","La voz ya existía. Yo diseñé todo lo que viene después de ella",""
"csc-016","brief","Brief · La versión corta","span","REVISED","The short version","LA VERSIÓN CORTA",""
"csc-017","brief","Brief · La versión corta","h2","REVISED","If you only read four things","Si solo lees cuatro cosas",""
"csc-018","brief","Brief · La versión corta","div [aria-label]","REVISED","Case summary","Resumen del caso",""
"csc-019","brief","Brief · La versión corta","p","REVISED","Situation","LA SITUACIÓN",""
"csc-020","brief","Brief · La versión corta","p","REVISED","Trust without structure","Confianza sin estructura",""
"csc-021","brief","Brief · La versión corta","p","REVISED","Real expertise and a real audience, delivered post by post and dependent on Nari being present.","Experiencia real, una audiencia comprometida y años de conocimiento acumulado. Pero todo se sostenía en la presencia constante de Nari y avanzaba publicación por publicación.",""
"csc-022","brief","Brief · La versión corta","p","REVISED","The read","LA CLAVE",""
"csc-023","brief","Brief · La versión corta","p","REVISED","Parents arrive in crisis, not curiosity","Las familias llegan buscando ayuda, no contenido",""
"csc-024","brief","Brief · La versión corta","p","REVISED","One finding reframed the engagement from a content problem into a support problem.","Un hallazgo cambió por completo el enfoque: el reto no era producir más contenido, sino construir una mejor forma de acompañar a las familias.",""
"csc-025","brief","Brief · La versión corta","p","REVISED","What I built","LO QUE CONSTRUÍ",""
"csc-026","brief","Brief · La versión corta","p","REVISED","A practice system, not a website","Un sistema para la práctica, no solo un sitio web",""
"csc-027","brief","Brief · La versión corta","p","REVISED","Four protocols, a bilingual platform, a governed brand system, and the operating model behind them.","Cuatro protocolos, una plataforma bilingüe, un sistema de marca con reglas claras y el modelo operativo necesario para sostener la práctica y hacerla crecer.",""
"csc-028","brief","Brief · La versión corta","p","REVISED","Where it stands","DÓNDE ESTÁ HOY",""
"csc-029","brief","Brief · La versión corta","p","REVISED","Attention validated. Distribution not yet","El interés ya está validado. La distribución, todavía no.",""
"csc-030","brief","Brief · La versión corta","p","REVISED","Parents stay with the support and move deeper into it. Reach, adoption, and revenue remain unproven.","Las familias que llegan encuentran apoyo y continúan avanzando dentro de la experiencia. Lo que todavía falta probar es si ese interés puede traducirse en mayor alcance, adopción e ingresos sostenibles.",""
"csc-031","starting-point","01 · La situación","span","REVISED","The situation","01 · LA SITUACIÓN",""
"csc-032","starting-point","01 · La situación","h2","REVISED","The value was real. It had nowhere to live","El valor ya estaba ahí. Faltaba estructura.",""
"csc-033","starting-point","01 · La situación","h3","REVISED","What already existed","LO QUE YA EXISTÍA",""
"csc-034","starting-point","01 · La situación","p","REVISED","Nari","NARI",""
"csc-035","starting-point","01 · La situación","p","REVISED","Trusted voice","Una voz que ya generaba confianza",""
"csc-036","starting-point","01 · La situación","p","REVISED","Teaching, public work, and lived experience in one presence.","Años de enseñanza, trabajo público y experiencia vivida sostenidos por la presencia directa de Nari.",""
"csc-037","starting-point","01 · La situación","p","REVISED","Audience","AUDIENCIA",""
"csc-038","starting-point","01 · La situación","p","REVISED","Existing audience","Una audiencia que ya estaba ahí",""
"csc-039","starting-point","01 · La situación","p","REVISED","A community already gathering around the work.","Personas y familias que ya seguían, compartían y acudían a su trabajo.",""
"csc-040","starting-point","01 · La situación","p","REVISED","Knowledge","CONOCIMIENTO",""
"csc-041","starting-point","01 · La situación","p","REVISED","Recurring expertise","Una práctica afinada por la experiencia",""
"csc-042","starting-point","01 · La situación","p","REVISED","Workshops, materials, and explanations shaped by repetition.","Talleres, materiales y explicaciones refinados con el tiempo a través de la práctica y el aprendizaje continuo.",""
"csc-043","starting-point","01 · La situación","p","REVISED","Identity","IDENTIDAD",""
"csc-044","starting-point","01 · La situación","p","REVISED","Recognizable early identity","Una identidad visual ya reconocible",""
"csc-045","starting-point","01 · La situación","p","REVISED","Logo, templates, and visual references in use.","Un logo, plantillas y referencias visuales que ya daban forma a una expresión propia.",""
"csc-046","starting-point","01 · La situación","span","DRAFT","What needed to be organized","Lo que hacía falta estructurar",""
"csc-047","starting-point","01 · La situación","div [aria-label]","DRAFT","Source material","Material de origen",""
"csc-048","starting-point","01 · La situación","span","REVISED","Workshops","Talleres",""
"csc-049","starting-point","01 · La situación","span","REVISED","Teaching","Enseñanza",""
"csc-050","starting-point","01 · La situación","span","REVISED","Recurring explanations","Explicaciones recurrentes",""
"csc-051","starting-point","01 · La situación","span","REVISED","Lived experience","Experiencia vivida",""
"csc-052","starting-point","01 · La situación","span","REVISED","Language","Lenguaje",""
"csc-053","starting-point","01 · La situación","span","REVISED","Audience questions","Preguntas de la audiencia",""
"csc-054","starting-point","01 · La situación","span","REVISED","Recurring situations","Situaciones recurrentes",""
"csc-055","starting-point","01 · La situación","div [aria-label]","DRAFT","Discovery material from the April 8, 2026 initial intake showing common questions and recurring themes","Material de descubrimiento del levantamiento inicial del 8 de abril de 2026, mostrando preguntas comunes y temas recurrentes",""
"csc-056","starting-point","01 · La situación","span","DRAFT","Discovery material","Material de descubrimiento",""
"csc-057","starting-point","01 · La situación","span","DRAFT","Initial intake · April 8, 2026","Levantamiento inicial · 8 de abril, 2026",""
"csc-058","starting-point","01 · La situación","li","REVISED","“My child is hitting/screaming. What do I do right now?”","“Mi hijo está golpeando/gritando. ¿Qué hago ahora mismo?”",""
"csc-059","starting-point","01 · La situación","li","REVISED","“I’m losing control. How do I not react?”","“Estoy perdiendo el control. ¿Cómo no reacciono?”",""
"csc-060","starting-point","01 · La situación","li","REVISED","“This is getting worse. How do I de-escalate it?”","“Esto está empeorando. ¿Cómo lo bajo?”",""
"csc-061","starting-point","01 · La situación","span","REVISED","Escalation","Escalada",""
"csc-062","starting-point","01 · La situación","span","REVISED","Regulation","Regulación",""
"csc-063","starting-point","01 · La situación","span","REVISED","Structure","Estructura",""
"csc-064","starting-point","01 · La situación","span","REVISED","Communication","Comunicación",""
"csc-065","starting-point","01 · La situación","span","REVISED","Guidance","Orientación",""
"csc-066","starting-point","01 · La situación","span","REVISED","Real-time intervention","Intervención en tiempo real",""
"csc-067","starting-point","01 · La situación","ul [aria-label]","REVISED","Analysis process from source material to emerging structure","Proceso de análisis desde el material fuente hasta la estructura emergente",""
"csc-068","starting-point","01 · La situación","span","DRAFT","Collect","Recolectar",""
"csc-069","starting-point","01 · La situación","span","REVISED","Compare","Comparar",""
"csc-070","starting-point","01 · La situación","span","REVISED","Cluster","Agrupar",""
"csc-071","starting-point","01 · La situación","span","REVISED","Synthesize","Sintetizar",""
"csc-072","the-read","02 · El diagnóstico","span","DRAFT","The diagnosis","El diagnóstico",""
"csc-073","the-read","02 · El diagnóstico","h2","DRAFT","Behavior changed the read. [line break] The read changed what we built","El comportamiento cambió la lectura. [line break] La lectura cambió lo que construimos",""
"csc-074","the-read","02 · El diagnóstico","p","DRAFT","Parents arrived activated, scanning, and short on capacity. That behavior pointed to urgency rather than browsing. I ran the material through StrategyIQ, my method for pressure-testing a strategic read against evidence, and it changed the assignment: this was not an information problem to be tidied. It was a support problem, and support had to be designed for the moment it was needed.","Las familias llegaban activadas, escaneando, con poca capacidad disponible: un comportamiento que apuntaba a urgencia, no a exploración. Pasé el material por StrategyIQ, mi método para poner a prueba una lectura estratégica contra la evidencia, y eso cambió el encargo: no era un problema de información que ordenar. Era un problema de apoyo, y el apoyo debía diseñarse para el momento en que se necesita.",""
"csc-075","the-read","02 · El diagnóstico","div [aria-label]","DRAFT","Signal to decision","De la señal a la decisión",""
"csc-076","the-read","02 · El diagnóstico","span","DRAFT","SIGNAL","SEÑAL",""
"csc-077","the-read","02 · El diagnóstico","h3","DRAFT","What we observed","Lo que observamos",""
"csc-078","the-read","02 · El diagnóstico","p","DRAFT","Activated arrival, scanning behavior, and short capacity.","Llegada activada, comportamiento de escaneo y poca capacidad disponible.",""
"csc-079","the-read","02 · El diagnóstico","span","DRAFT","READ","LECTURA",""
"csc-080","the-read","02 · El diagnóstico","h3","DRAFT","What it suggested","Lo que sugería",""
"csc-081","the-read","02 · El diagnóstico","p","DRAFT","Design for the moment of need, not leisurely content consumption.","Diseñar para el momento de necesidad, no para un consumo relajado de contenido.",""
"csc-082","the-read","02 · El diagnóstico","span","DRAFT","DECISION","DECISIÓN",""
"csc-083","the-read","02 · El diagnóstico","h3","DRAFT","What changed","Lo que cambió",""
"csc-084","the-read","02 · El diagnóstico","p","DRAFT","I shifted the work from organizing information to designing support under pressure: clear hierarchy, shorter quick-guide paths, and measurement shaped around urgent arrival rather than unhurried reading.","Cambié el trabajo: de organizar información a diseñar apoyo bajo presión. Jerarquía breve, rutas de protocolo y medición pensadas para una llegada urgente, no para una lectura pausada.",""
"csc-085","the-read","02 · El diagnóstico","img [alt]","DRAFT","StrategyIQ first and second reads showing the shift from emotional urgency to a support ecosystem","Primera y segunda lectura de StrategyIQ, mostrando el paso de urgencia emocional a un ecosistema de apoyo",""
"csc-086","the-read","02 · El diagnóstico","span","DRAFT","READ → DECISION","LECTURA → DECISIÓN",""
"csc-087","the-read","02 · El diagnóstico","p","DRAFT","The first read identified emotional urgency. The closer read exposed a larger requirement: the experience had to respond as a connected system.","La primera lectura identificó urgencia emocional. La lectura más cercana reveló un requerimiento mayor: la experiencia tenía que responder como un sistema conectado.",""
"csc-088","reader-state","03 · THE MOMENT","img [alt]","DRAFT","Illuminated Meltdowns protocol card with subdued supporting cards on the right, leaving a dark reading field on the left","Tarjeta iluminada del protocolo Desbordes con tarjetas de apoyo más tenues a la derecha, dejando un campo de lectura oscuro a la izquierda",""
"csc-089","reader-state","03 · THE MOMENT","span","DRAFT","Designing for the moment","Diseñando para el momento",""
"csc-090","reader-state","03 · THE MOMENT","h2","DRAFT","Parents were not arriving to browse. [line break] They were arriving in need","Las familias no llegaban a explorar. [line break] Llegaban con una necesidad",""
"csc-091","reader-state","03 · THE MOMENT","p","DRAFT","They were exhausted, emotionally activated, and often using one hand while caring for a child. That changed hierarchy, writing, navigation, protocol length, illustration, and the choices offered next.","Estaban exhaustas, emocionalmente activadas y muchas veces usando una sola mano mientras cuidaban a un hijo. Eso cambió la jerarquía, la redacción, la navegación, la extensión de los protocolos, la ilustración y las opciones que se ofrecían después.",""
"csc-092","reader-state","03 · THE MOMENT","p","DRAFT","What the moment demanded","Lo que el momento exigía",""
"csc-093","reader-state","03 · THE MOMENT","div [aria-label]","DRAFT","Parent conditions","Condiciones de las familias",""
"csc-094","reader-state","03 · THE MOMENT","span","DRAFT","Exhausted","Exhaustas",""
"csc-095","reader-state","03 · THE MOMENT","span","DRAFT","Scanning","Escaneando",""
"csc-096","reader-state","03 · THE MOMENT","span","DRAFT","Holding a child","Cargando a un hijo",""
"csc-097","reader-state","03 · THE MOMENT","span","DRAFT","Emotionally activated","Emocionalmente activadas",""
"csc-098","reader-state","03 · THE MOMENT","span","DRAFT","Looking for one useful sentence","Buscando una sola frase útil",""
"csc-099","reader-state","03 · THE MOMENT","p","DRAFT","What I changed because of it","Lo que cambié a partir de eso",""
"csc-100","reader-state","03 · THE MOMENT","ul [aria-label]","DRAFT","Design implications","Implicaciones de diseño",""
"csc-101","reader-state","03 · THE MOMENT","li","DRAFT","Stronger hierarchy","Jerarquía más fuerte",""
"csc-102","reader-state","03 · THE MOMENT","li","DRAFT","Shorter intervention paths","Rutas de intervención más cortas",""
"csc-103","reader-state","03 · THE MOMENT","li","DRAFT","Scannability","Facilidad de escaneo",""
"csc-104","reader-state","03 · THE MOMENT","li","DRAFT","Protocols","Protocolos",""
"csc-105","reader-state","03 · THE MOMENT","li","DRAFT","Navigation","Navegación",""
"csc-106","reader-state","03 · THE MOMENT","li","DRAFT","Writing","Redacción",""
"csc-107","reader-state","03 · THE MOMENT","li","DRAFT","Illustration","Ilustración",""
"csc-108","reader-state","03 · THE MOMENT","li","DRAFT","Support-choice architecture","Arquitectura de elección de apoyo",""
"csc-109","reader-state","03 · THE MOMENT","h3","DRAFT","Scannability is a form of care","La facilidad de escaneo es una forma de cuidado",""
"csc-110","reader-state","03 · THE MOMENT","img [alt]","DRAFT","Parent using the Criar Sin Culpas Desbordes protocol on a phone while holding a child's toy, with annotations showing why the experience works under pressure","Madre o padre usando el protocolo Desbordes de Criar Sin Culpas en el teléfono mientras sostiene el juguete de un hijo, con anotaciones que muestran por qué la experiencia funciona bajo presión",""
"csc-111","reader-state","03 · THE MOMENT","span","DRAFT","REAL-WORLD USE","USO EN LA VIDA REAL",""
"csc-112","reader-state","03 · THE MOMENT","p","DRAFT","Short sections, strong visual anchors, and immediate next steps reduced the amount a parent had to interpret while already overwhelmed.","Secciones cortas, anclas visuales fuertes y próximos pasos inmediatos redujeron lo que una madre o un padre tenía que interpretar mientras ya estaba desbordado.",""
"csc-113","reader-state","03 · THE MOMENT","p","DRAFT","The competing priority was editorial completeness inside each protocol. Evidence about the parent's state favored shorter paths and stronger hierarchy, so I accepted the tradeoff: depth moved into Aprende and later layers to keep the first screen usable under pressure.","La prioridad rival era la completitud editorial dentro de cada protocolo. La evidencia sobre el estado de las familias favorecía rutas más cortas y una jerarquía más fuerte, así que acepté el intercambio: la profundidad se movió a Aprende y a capas posteriores para que la primera pantalla siguiera siendo usable bajo presión.",""
"csc-114","brand-lineage","04 · THE LEARNED IDENTITY","span","DRAFT","The learned identity","La identidad aprendida",""
"csc-115","brand-lineage","04 · THE LEARNED IDENTITY","h2","DRAFT","The identity had to learn before it could be governed","La identidad tuvo que aprender antes de establecer sus propias reglas",""
"csc-116","brand-lineage","04 · THE LEARNED IDENTITY","p","DRAFT","I designed five generations and kept every one of them. Each solved a problem the work had just revealed: recognition became urgency, urgency gained editorial structure, and structure eventually demanded rules for its own evolution.","Diseñé cinco generaciones y conservé todas. Cada una resolvió un problema que el trabajo acababa de revelar: el reconocimiento se volvió urgencia, la urgencia ganó estructura editorial y la estructura acabó exigiendo reglas para su propia evolución.",""
"csc-117","brand-lineage","04 · THE LEARNED IDENTITY","span","DRAFT","Voice","Voz",""
"csc-118","brand-lineage","04 · THE LEARNED IDENTITY","span","DRAFT","Urgency","Urgencia",""
"csc-119","brand-lineage","04 · THE LEARNED IDENTITY","span","DRAFT","Structure","Estructura",""
"csc-120","brand-lineage","04 · THE LEARNED IDENTITY","span","DRAFT","Formalization","Formalización",""
"csc-121","brand-lineage","04 · THE LEARNED IDENTITY","span","DRAFT","Governance","Reglas del sistema",""
"csc-122","brand-lineage","04 · THE LEARNED IDENTITY","div [aria-label]","DRAFT","Historical brand generations","Generaciones históricas de marca",""
"csc-123","brand-lineage","04 · THE LEARNED IDENTITY","img [alt]","DRAFT","Generation A specimen · Recognition and voice","Espécimen de la Generación A · Reconocimiento y voz",""
"csc-124","brand-lineage","04 · THE LEARNED IDENTITY","div [aria-label]","DRAFT","Generation A palette","Paleta de la Generación A",""
"csc-125","brand-lineage","04 · THE LEARNED IDENTITY","p","DRAFT","A · Superseded","A · Reemplazada",""
"csc-126","brand-lineage","04 · THE LEARNED IDENTITY","h3","DRAFT","Recognition and voice","Reconocimiento y voz",""
"csc-127","brand-lineage","04 · THE LEARNED IDENTITY","p","DRAFT","Earliest visual home for the voice · warmer than a finished practice.","Primer hogar visual de la voz · más cálido que una práctica terminada.",""
"csc-128","brand-lineage","04 · THE LEARNED IDENTITY","img [alt]","DRAFT","Generation B specimen · Urgency and intervention","Espécimen de la Generación B · Urgencia e intervención",""
"csc-129","brand-lineage","04 · THE LEARNED IDENTITY","div [aria-label]","DRAFT","Generation B palette","Paleta de la Generación B",""
"csc-130","brand-lineage","04 · THE LEARNED IDENTITY","p","DRAFT","B · Superseded","B · Reemplazada",""
"csc-131","brand-lineage","04 · THE LEARNED IDENTITY","h3","DRAFT","Urgency and intervention","Urgencia e intervención",""
"csc-132","brand-lineage","04 · THE LEARNED IDENTITY","p","DRAFT","Harder moments pulled the tone toward concentration and intervention.","Los momentos más difíciles llevaron el tono hacia la concentración y la intervención.",""
"csc-133","brand-lineage","04 · THE LEARNED IDENTITY","img [alt]","DRAFT","Generation C specimen · Editorial structure","Espécimen de la Generación C · Estructura editorial",""
"csc-134","brand-lineage","04 · THE LEARNED IDENTITY","div [aria-label]","DRAFT","Generation C palette","Paleta de la Generación C",""
"csc-135","brand-lineage","04 · THE LEARNED IDENTITY","p","DRAFT","C · Superseded","C · Reemplazada",""
"csc-136","brand-lineage","04 · THE LEARNED IDENTITY","h3","DRAFT","Editorial structure","Estructura editorial",""
"csc-137","brand-lineage","04 · THE LEARNED IDENTITY","p","DRAFT","Hierarchy and repeatable editorial patterns began to carry the work.","La jerarquía y los patrones editoriales repetibles empezaron a sostener el trabajo.",""
"csc-138","brand-lineage","04 · THE LEARNED IDENTITY","img [alt]","DRAFT","Generation D specimen · Formalization and governance","Espécimen de la Generación D · Formalización y reglas del sistema",""
"csc-139","brand-lineage","04 · THE LEARNED IDENTITY","div [aria-label]","DRAFT","Generation D palette","Paleta de la Generación D",""
"csc-140","brand-lineage","04 · THE LEARNED IDENTITY","p","DRAFT","D · Superseded","D · Reemplazada",""
"csc-141","brand-lineage","04 · THE LEARNED IDENTITY","h3","DRAFT","Formalization and governance","Formalización y reglas del sistema",""
"csc-142","brand-lineage","04 · THE LEARNED IDENTITY","p","DRAFT","Coherent enough to document publicly · still evolving underneath.","Suficientemente coherente para documentarse públicamente · aún en evolución por dentro.",""
"csc-143","brand-lineage","04 · THE LEARNED IDENTITY","img [alt]","DRAFT","Current canonical specimen · Governed System","Espécimen canónico actual · Sistema con reglas claras",""
"csc-144","brand-lineage","04 · THE LEARNED IDENTITY","p","DRAFT","Current · Governed","Actual · Con reglas claras",""
"csc-145","brand-lineage","04 · THE LEARNED IDENTITY","h3","DRAFT","Governed System","Sistema con reglas claras",""
"csc-146","brand-lineage","04 · THE LEARNED IDENTITY","p","DRAFT","Lessons held together · a warmer system across editorial, product, and practice.","Las lecciones se mantienen unidas · un sistema más cálido a través de lo editorial, el producto y la práctica.",""
"csc-147","brand-lineage","04 · THE LEARNED IDENTITY","p","DRAFT","The iterations were not detours. Each one encoded something the work had taught us.","Las iteraciones no fueron desvíos. Cada una codificó algo que el trabajo nos había enseñado.",""
"csc-148","brand-lineage","04 · THE LEARNED IDENTITY","h3","DRAFT","Once the practice began evolving through use, evolution itself needed rules","Una vez que la práctica comenzó a evolucionar con el uso, la evolución misma necesitó reglas",""
"csc-149","brand-lineage","04 · THE LEARNED IDENTITY","span","DRAFT","Internal","Interno",""
"csc-150","brand-lineage","04 · THE LEARNED IDENTITY","h3","DRAFT","System of Record","Sistema de Registro",""
"csc-151","brand-lineage","04 · THE LEARNED IDENTITY","p","DRAFT","The internal source of truth preserves decisions, lineage, migrations, and unresolved boundaries.","La fuente interna de verdad preserva decisiones, linaje, migraciones y límites sin resolver.",""
"csc-152","brand-lineage","04 · THE LEARNED IDENTITY","img [alt]","DRAFT","Internal System of Record workspace for Criar Sin Culpas","Espacio de trabajo interno del Sistema de Registro de Criar Sin Culpas",""
"csc-153","brand-lineage","04 · THE LEARNED IDENTITY","li","DRAFT","One source of truth","Una sola fuente de verdad",""
"csc-154","brand-lineage","04 · THE LEARNED IDENTITY","li","DRAFT","Historical lineage","Linaje histórico",""
"csc-155","brand-lineage","04 · THE LEARNED IDENTITY","li","DRAFT","Migration rules","Reglas de migración",""
"csc-156","brand-lineage","04 · THE LEARNED IDENTITY","li","DRAFT","Unresolved boundaries","Límites sin resolver",""
"csc-157","brand-lineage","04 · THE LEARNED IDENTITY","p","DRAFT","INTERNAL · System of Record · Protected operating artifact","INTERNO · Sistema de Registro · Artefacto operativo protegido",""
"csc-158","brand-lineage","04 · THE LEARNED IDENTITY","span","DRAFT","External","Externo",""
"csc-159","brand-lineage","04 · THE LEARNED IDENTITY","h3","DRAFT","Public Brand System","Sistema de Marca Público",""
"csc-160","brand-lineage","04 · THE LEARNED IDENTITY","p","DRAFT","The public system translates that truth into voice, typography, imagery, illustration, and implementation guidance.","El sistema público traduce esa verdad en voz, tipografía, imagen, ilustración y guía de implementación.",""
"csc-161","brand-lineage","04 · THE LEARNED IDENTITY","img [alt]","DRAFT","Current public Brand System palette on criarsinculpas.com/brand","Paleta actual del Sistema de Marca público en criarsinculpas.com/brand",""
"csc-162","brand-lineage","04 · THE LEARNED IDENTITY","li","DRAFT","Brand story","Historia de marca",""
"csc-163","brand-lineage","04 · THE LEARNED IDENTITY","li","DRAFT","Voice &amp;amp; principles","Voz y principios",""
"csc-164","brand-lineage","04 · THE LEARNED IDENTITY","li","DRAFT","Color &amp;amp; type","Color y tipografía",""
"csc-165","brand-lineage","04 · THE LEARNED IDENTITY","li","DRAFT","Photography &amp;amp; illustration","Fotografía e ilustración",""
"csc-166","brand-lineage","04 · THE LEARNED IDENTITY","p","DRAFT","SHIPPED · criarsinculpas.com/brand · Warm Earth","PUBLICADO · criarsinculpas.com/brand · Warm Earth",""
"csc-167","visual-languages","05 · VISUAL SUPPORT INFRASTRUCTURE","span","DRAFT","Visual support infrastructure","Infraestructura visual de apoyo",""
"csc-168","visual-languages","05 · VISUAL SUPPORT INFRASTRUCTURE","h2","DRAFT","Some moments are documented. [line break] Others have to be interpreted","Algunos momentos se documentan. [line break] Otros hay que interpretarlos",""
"csc-169","visual-languages","05 · VISUAL SUPPORT INFRASTRUCTURE","p","DRAFT","Photography records lived reality. Illustration clarifies the emotional structure of a moment. Together, they help support feel human, recognizable, and usable.","La fotografía registra la realidad vivida. La ilustración clarifica la estructura emocional de un momento. Juntas, ayudan a que el apoyo se sienta humano, reconocible y utilizable.",""
"csc-170","visual-languages","05 · VISUAL SUPPORT INFRASTRUCTURE","h3","DRAFT","Photography","Fotografía",""
"csc-171","visual-languages","05 · VISUAL SUPPORT INFRASTRUCTURE","p","DRAFT","Records lived reality.","Registra la realidad vivida.",""
"csc-172","visual-languages","05 · VISUAL SUPPORT INFRASTRUCTURE","span","DRAFT","Documentary","Documental",""
"csc-173","visual-languages","05 · VISUAL SUPPORT INFRASTRUCTURE","span","DRAFT","Intimate","Íntima",""
"csc-174","visual-languages","05 · VISUAL SUPPORT INFRASTRUCTURE","span","DRAFT","Warm","Cálida",""
"csc-175","visual-languages","05 · VISUAL SUPPORT INFRASTRUCTURE","span","DRAFT","Human","Humana",""
"csc-176","visual-languages","05 · VISUAL SUPPORT INFRASTRUCTURE","span","DRAFT","Unposed","Sin posar",""
"csc-177","visual-languages","05 · VISUAL SUPPORT INFRASTRUCTURE","span","DRAFT","Natural light","Luz natural",""
"csc-178","visual-languages","05 · VISUAL SUPPORT INFRASTRUCTURE","span","DRAFT","Emotional honesty","Honestidad emocional",""
"csc-179","visual-languages","05 · VISUAL SUPPORT INFRASTRUCTURE","p","DRAFT","Documentary, not marketing · the moment support becomes possible, not the moment it succeeds.","Documental, no publicitaria · el momento en que el apoyo se vuelve posible, no el momento en que triunfa.",""
"csc-180","visual-languages","05 · VISUAL SUPPORT INFRASTRUCTURE","img [alt]","DRAFT","Documentary portrait of Nari Gilberto","Retrato documental de Nari Gilberto",""
"csc-181","visual-languages","05 · VISUAL SUPPORT INFRASTRUCTURE","h3","DRAFT","Illustration","Ilustración",""
"csc-182","visual-languages","05 · VISUAL SUPPORT INFRASTRUCTURE","p","DRAFT","Clarifies the emotional structure of a moment.","Clarifica la estructura emocional de un momento.",""
"csc-183","visual-languages","05 · VISUAL SUPPORT INFRASTRUCTURE","p","DRAFT","Un solo dibujo, cuatro distancias.","Un solo dibujo, cuatro distancias.",""
"csc-184","visual-languages","05 · VISUAL SUPPORT INFRASTRUCTURE","div [aria-label]","DRAFT","Illustration distance ladder","Escala de distancias de la ilustración",""
"csc-185","visual-languages","05 · VISUAL SUPPORT INFRASTRUCTURE","img [alt]","DRAFT","Cine scale sleep illustration","Ilustración de sueño a escala Cine",""
"csc-186","visual-languages","05 · VISUAL SUPPORT INFRASTRUCTURE","figcaption","DRAFT","Cine","Cine",""
"csc-187","visual-languages","05 · VISUAL SUPPORT INFRASTRUCTURE","img [alt]","DRAFT","Foto scale sleep illustration","Ilustración de sueño a escala Foto",""
"csc-188","visual-languages","05 · VISUAL SUPPORT INFRASTRUCTURE","figcaption","DRAFT","Foto","Foto",""
"csc-189","visual-languages","05 · VISUAL SUPPORT INFRASTRUCTURE","img [alt]","DRAFT","Pin scale sleep illustration","Ilustración de sueño a escala Pin",""
"csc-190","visual-languages","05 · VISUAL SUPPORT INFRASTRUCTURE","figcaption","DRAFT","Pin","Pin",""
"csc-191","visual-languages","05 · VISUAL SUPPORT INFRASTRUCTURE","img [alt]","DRAFT","Símbolo open hand","Símbolo de mano abierta",""
"csc-192","visual-languages","05 · VISUAL SUPPORT INFRASTRUCTURE","figcaption","DRAFT","Símbolo","Símbolo",""
"csc-193","visual-languages","05 · VISUAL SUPPORT INFRASTRUCTURE","div [aria-label]","DRAFT","Symbol set","Sistema de símbolos",""
"csc-194","visual-languages","05 · VISUAL SUPPORT INFRASTRUCTURE","img [alt]","DRAFT","Heart symbol","Símbolo de corazón",""
"csc-195","visual-languages","05 · VISUAL SUPPORT INFRASTRUCTURE","figcaption","DRAFT","Heart","Corazón",""
"csc-196","visual-languages","05 · VISUAL SUPPORT INFRASTRUCTURE","img [alt]","DRAFT","Brain symbol","Símbolo de cerebro",""
"csc-197","visual-languages","05 · VISUAL SUPPORT INFRASTRUCTURE","figcaption","DRAFT","Brain","Cerebro",""
"csc-198","visual-languages","05 · VISUAL SUPPORT INFRASTRUCTURE","img [alt]","DRAFT","SOS symbol","Símbolo de SOS",""
"csc-199","visual-languages","05 · VISUAL SUPPORT INFRASTRUCTURE","figcaption","DRAFT","SOS","SOS",""
"csc-200","visual-languages","05 · VISUAL SUPPORT INFRASTRUCTURE","img [alt]","DRAFT","Pause symbol","Símbolo de pausa",""
"csc-201","visual-languages","05 · VISUAL SUPPORT INFRASTRUCTURE","figcaption","DRAFT","Pause","Pausa",""
"csc-202","visual-languages","05 · VISUAL SUPPORT INFRASTRUCTURE","div [aria-label]","DRAFT","Symbol set extension","Ampliación del sistema de símbolos",""
"csc-203","visual-languages","05 · VISUAL SUPPORT INFRASTRUCTURE","img [alt]","DRAFT","Prohibido symbol","Símbolo de prohibido",""
"csc-204","visual-languages","05 · VISUAL SUPPORT INFRASTRUCTURE","figcaption","DRAFT","Prohibido","Prohibido",""
"csc-205","visual-languages","05 · VISUAL SUPPORT INFRASTRUCTURE","img [alt]","DRAFT","Pin symbol","Símbolo de pin",""
"csc-206","visual-languages","05 · VISUAL SUPPORT INFRASTRUCTURE","figcaption","DRAFT","Pin","Pin",""
"csc-207","visual-languages","05 · VISUAL SUPPORT INFRASTRUCTURE","img [alt]","DRAFT","Stethoscope symbol","Símbolo de estetoscopio",""
"csc-208","visual-languages","05 · VISUAL SUPPORT INFRASTRUCTURE","figcaption","DRAFT","Stethoscope","Estetoscopio",""
"csc-209","visual-languages","05 · VISUAL SUPPORT INFRASTRUCTURE","p","DRAFT","El sistema no decora. Sostiene.","El sistema no decora. Sostiene.",""
"csc-210","visual-languages","05 · VISUAL SUPPORT INFRASTRUCTURE","span","DRAFT","Visual production library","Biblioteca de producción visual",""
"csc-211","visual-languages","05 · VISUAL SUPPORT INFRASTRUCTURE","h3","DRAFT","Eventually, even the imagery became a system","Con el tiempo, hasta la imagen se volvió un sistema",""
"csc-212","visual-languages","05 · VISUAL SUPPORT INFRASTRUCTURE","p","DRAFT","Assets were named and organized with formats, tags, transformations, and production references. New publishing could begin from a shared visual language rather than from zero.","Los recursos se nombraron y organizaron con formatos, etiquetas, transformaciones y referencias de producción. Cada nueva publicación podía partir de un lenguaje visual compartido, no de cero.",""
"csc-213","visual-languages","05 · VISUAL SUPPORT INFRASTRUCTURE","div [aria-label]","DRAFT","Imagery progression","Progresión de la imagen",""
"csc-214","visual-languages","05 · VISUAL SUPPORT INFRASTRUCTURE","span","DRAFT","Image","Imagen",""
"csc-215","visual-languages","05 · VISUAL SUPPORT INFRASTRUCTURE","span","DRAFT","Art direction","Dirección de arte",""
"csc-216","visual-languages","05 · VISUAL SUPPORT INFRASTRUCTURE","span","DRAFT","Visual language","Lenguaje visual",""
"csc-217","visual-languages","05 · VISUAL SUPPORT INFRASTRUCTURE","span","DRAFT","Production library","Biblioteca de producción",""
"csc-218","visual-languages","05 · VISUAL SUPPORT INFRASTRUCTURE","div [aria-label]","DRAFT","Production library fragments","Fragmentos de la biblioteca de producción",""
"csc-219","visual-languages","05 · VISUAL SUPPORT INFRASTRUCTURE","img [alt]","DRAFT","Sueño illustration at editorial distance","Ilustración de Sueño a distancia editorial",""
"csc-220","visual-languages","05 · VISUAL SUPPORT INFRASTRUCTURE","span","DRAFT","Cine","Cine",""
"csc-221","visual-languages","05 · VISUAL SUPPORT INFRASTRUCTURE","span","DRAFT","Editorial distance · Sueño","Distancia editorial · Sueño",""
"csc-222","visual-languages","05 · VISUAL SUPPORT INFRASTRUCTURE","img [alt]","DRAFT","Sueño illustration at doodle distance","Ilustración de Sueño a distancia de boceto",""
"csc-223","visual-languages","05 · VISUAL SUPPORT INFRASTRUCTURE","span","DRAFT","Foto","Foto",""
"csc-224","visual-languages","05 · VISUAL SUPPORT INFRASTRUCTURE","span","DRAFT","Doodle distance · Sueño","Distancia de boceto · Sueño",""
"csc-225","visual-languages","05 · VISUAL SUPPORT INFRASTRUCTURE","img [alt]","DRAFT","Sueño illustration at pin distance","Ilustración de Sueño a distancia de pin",""
"csc-226","visual-languages","05 · VISUAL SUPPORT INFRASTRUCTURE","span","DRAFT","Pin","Pin",""
"csc-227","visual-languages","05 · VISUAL SUPPORT INFRASTRUCTURE","span","DRAFT","Compact mark · Sueño","Marca compacta · Sueño",""
"csc-228","visual-languages","05 · VISUAL SUPPORT INFRASTRUCTURE","img [alt]","DRAFT","Open-hand symbol from the Criar Sin Culpas symbol set","Símbolo de mano abierta del sistema de símbolos de Criar Sin Culpas",""
"csc-229","visual-languages","05 · VISUAL SUPPORT INFRASTRUCTURE","span","DRAFT","Símbolo","Símbolo",""
"csc-230","visual-languages","05 · VISUAL SUPPORT INFRASTRUCTURE","span","DRAFT","System glyph · reusable","Glifo del sistema · reutilizable",""
"csc-231","visual-languages","05 · VISUAL SUPPORT INFRASTRUCTURE","p","DRAFT","One drawing, four distances · then named, tagged, and filed for production.","Un dibujo, cuatro distancias · luego nombrado, etiquetado y archivado para producción.",""
"csc-232","support","06 · OWNED SUPPORT","span","DRAFT","From circulation to owned support","De la circulación al apoyo propio",""
"csc-233","support","06 · OWNED SUPPORT","h2","DRAFT","The feed surfaced the need. [line break] The owned experience had to hold it","El feed sacó a la superficie la necesidad. [line break] La experiencia propia tuvo que sostenerla",""
"csc-234","support","06 · OWNED SUPPORT","p","DRAFT","Nari's publishing exposed recurring questions and language in real time. I built durable places for those signals to land: immediate protocols, deeper learning, and a path toward continued support.","La publicación de Nari revelaba preguntas y lenguaje recurrentes en tiempo real. Yo construí lugares duraderos donde esas señales pudieran aterrizar: protocolos inmediatos, aprendizaje más profundo y una ruta hacia el acompañamiento continuo.",""
"csc-235","support","06 · OWNED SUPPORT","h3","DRAFT","A · Listen","A · Escuchar",""
"csc-236","support","06 · OWNED SUPPORT","img [alt]","DRAFT","Real parent moment beside a structured Criar Sin Culpas support experience: immediate guidance, escalation ladder, and share or continue paths","Momento real de una madre o un padre junto a una experiencia de apoyo estructurada de Criar Sin Culpas: guía inmediata, escalera de escalada y rutas para compartir o continuar",""
"csc-237","support","06 · OWNED SUPPORT","span","DRAFT","SYSTEM IN THE MOMENT","SISTEMA EN EL MOMENTO",""
"csc-238","support","06 · OWNED SUPPORT","p","DRAFT","Real social moment → structured support on the phone","Momento social real → apoyo estructurado en el teléfono",""
"csc-239","support","06 · OWNED SUPPORT","img [alt]","DRAFT","Documentary collage of Nari recording a Criar Sin Culpas Reel during the photoshoot, alongside real published Instagram posts and Reels from the live account","Collage documental de Nari grabando un Reel de Criar Sin Culpas durante la sesión de fotos, junto a publicaciones y Reels reales de la cuenta de Instagram en vivo",""
"csc-240","support","06 · OWNED SUPPORT","span","DRAFT","DOCUMENTARY + LIVE PRACTICE","DOCUMENTAL + PRÁCTICA EN VIVO",""
"csc-241","support","06 · OWNED SUPPORT","p","DRAFT","Cadence in practice · Recurring Reels and audience questions","Cadencia en práctica · Reels recurrentes y preguntas de la audiencia",""
"csc-242","support","06 · OWNED SUPPORT","ol [aria-label]","DRAFT","Listen signals","Señales de escucha",""
"csc-243","support","06 · OWNED SUPPORT","p","DRAFT","Cadence","Cadencia",""
"csc-244","support","06 · OWNED SUPPORT","p","DRAFT","Publishing cadence designed around recurring Reels and audience questions","Cadencia de publicación diseñada alrededor de Reels recurrentes y preguntas de la audiencia",""
"csc-245","support","06 · OWNED SUPPORT","p","DRAFT","Questions","Preguntas",""
"csc-246","support","06 · OWNED SUPPORT","p","DRAFT","Editorial input","Insumo editorial",""
"csc-247","support","06 · OWNED SUPPORT","p","DRAFT","Responses","Respuestas",""
"csc-248","support","06 · OWNED SUPPORT","p","DRAFT","Support in circulation","Apoyo en circulación",""
"csc-249","support","06 · OWNED SUPPORT","p","DRAFT","Signal","Señal",""
"csc-250","support","06 · OWNED SUPPORT","p","DRAFT","What to deepen next","Qué profundizar después",""
"csc-251","support","06 · OWNED SUPPORT","h3","DRAFT","B · Owned layers","B · Capas propias",""
"csc-252","support","06 · OWNED SUPPORT","p","DRAFT","Need and experience, held on owned surfaces.","Necesidad y experiencia, sostenidas en espacios propios.",""
"csc-253","support","06 · OWNED SUPPORT","p","DRAFT","IN THE MOMENT","EN EL MOMENTO",""
"csc-254","support","06 · OWNED SUPPORT","h4","DRAFT","Immediate support","Apoyo inmediato",""
"csc-255","support","06 · OWNED SUPPORT","p","DRAFT","Protocols offer a useful next step when capacity is low.","Los protocolos ofrecen un próximo paso útil cuando la capacidad está baja.",""
"csc-256","support","06 · OWNED SUPPORT","span","DRAFT","Need","Necesidad",""
"csc-257","support","06 · OWNED SUPPORT","span","DRAFT","Urgent","Urgente",""
"csc-258","support","06 · OWNED SUPPORT","p","DRAFT","Four public protocols shipped: Pantallas, Desbordes, Sueño, and Hermanos","Cuatro protocolos públicos publicados: Pantallas, Desbordes, Sueño y Hermanos",""
"csc-259","support","06 · OWNED SUPPORT","img [alt]","DRAFT","Criar Sin Culpas immediate-support protocol system showing a mobile Desbordes guide, intervention stages, and three-step support path.","Sistema de protocolo de apoyo inmediato de Criar Sin Culpas, mostrando una guía móvil de Desbordes, etapas de intervención y una ruta de apoyo de tres pasos.",""
"csc-260","support","06 · OWNED SUPPORT","span","DRAFT","SHIPPED","PUBLICADO",""
"csc-261","support","06 · OWNED SUPPORT","p","DRAFT","Protocol · Intervention for low available attention","Protocolo · Intervención para momentos de poca atención disponible",""
"csc-262","support","06 · OWNED SUPPORT","p","DRAFT","Act now → Understand next","Actuar ahora → Entender después",""
"csc-263","support","06 · OWNED SUPPORT","img [alt]","DRAFT","Criar Sin Culpas Learn article on owned surfaces · longer-form guidance when more attention is available","Artículo de Aprende de Criar Sin Culpas en canales propios · guía más extensa cuando hay más atención disponible",""
"csc-264","support","06 · OWNED SUPPORT","span","DRAFT","SHIPPED","PUBLICADO",""
"csc-265","support","06 · OWNED SUPPORT","p","DRAFT","Aprende · Editorial depth on owned surfaces","Aprende · Profundidad editorial en espacios propios",""
"csc-266","support","06 · OWNED SUPPORT","p","DRAFT","BETWEEN MOMENTS","ENTRE MOMENTOS",""
"csc-267","support","06 · OWNED SUPPORT","h4","DRAFT","Learning","Aprendizaje",""
"csc-268","support","06 · OWNED SUPPORT","p","DRAFT","Editorial guidance helps parents understand what happened and prepare for what comes next.","La guía editorial ayuda a las familias a entender lo que pasó y prepararse para lo que sigue.",""
"csc-269","support","06 · OWNED SUPPORT","span","DRAFT","Experience","Experiencia",""
"csc-270","support","06 · OWNED SUPPORT","span","DRAFT","Understanding","Comprensión",""
"csc-271","support","06 · OWNED SUPPORT","p","DRAFT","Aprende · Editorial content · Method","Aprende · Contenido editorial · Método",""
"csc-272","support","06 · OWNED SUPPORT","p","DRAFT","OVER TIME","CON EL TIEMPO",""
"csc-273","support","06 · OWNED SUPPORT","h4","DRAFT","Deeper support","Apoyo más profundo",""
"csc-274","support","06 · OWNED SUPPORT","p","DRAFT","Deeper support creates continuity for needs that cannot be solved by an article or protocol alone.","El apoyo más profundo crea continuidad para necesidades que un artículo o un protocolo por sí solos no pueden resolver.",""
"csc-275","support","06 · OWNED SUPPORT","p","DRAFT","Agresión · Ansiedad · Límites","Agresión · Ansiedad · Límites",""
"csc-276","support","06 · OWNED SUPPORT","p","DRAFT","Next layer · Structured support · not yet shipped","Siguiente capa · Apoyo estructurado · aún no publicado",""
"csc-277","support","06 · OWNED SUPPORT","h3","DRAFT","C · Pathway","C · Ruta",""
"csc-278","support","06 · OWNED SUPPORT","span","DRAFT","REAL QUESTION","PREGUNTA REAL",""
"csc-279","support","06 · OWNED SUPPORT","span","DRAFT","PUBLISHED RESPONSE","RESPUESTA PUBLICADA",""
"csc-280","support","06 · OWNED SUPPORT","span","DRAFT","SIGNAL","SEÑAL",""
"csc-281","support","06 · OWNED SUPPORT","span","DRAFT","OWNED SUPPORT","APOYO PROPIO",""
"csc-282","support","06 · OWNED SUPPORT","span","DRAFT","PRODUCT LEARNING","APRENDIZAJE DE PRODUCTO",""
"csc-283","product-signal","07 · WHAT BEHAVIOR TAUGHT","span","DRAFT","From protocol to product signal","Del protocolo a la señal de producto",""
"csc-284","product-signal","07 · WHAT BEHAVIOR TAUGHT","h2","DRAFT","I built the protocols as interventions. [line break] Behavior revealed they were also product tests","Construí los protocolos como intervenciones. [line break] El comportamiento reveló que también eran pruebas de producto",""
"csc-285","product-signal","07 · WHAT BEHAVIOR TAUGHT","p","DRAFT","Protocols were both interventions and product tests. They showed what parents reached for first, what language helped, and where immediate relief needed to become continued support.","Los protocolos fueron a la vez intervenciones y pruebas de producto. Mostraron qué buscaban primero las familias, qué lenguaje ayudaba y dónde el alivio inmediato necesitaba convertirse en apoyo continuo.",""
"csc-286","product-signal","07 · WHAT BEHAVIOR TAUGHT","p","DRAFT","Evidence / Product signal","Evidencia [line break] Señal de producto",""
"csc-287","product-signal","07 · WHAT BEHAVIOR TAUGHT","h3","DRAFT","The strongest value was not more content. It was practical relief, navigable language, and continuity","El valor más fuerte no fue más contenido. Fue alivio práctico, lenguaje que orienta y continuidad",""
"csc-288","product-signal","07 · WHAT BEHAVIOR TAUGHT","p [aria-label]","DRAFT","From use to product change","Del uso al cambio de producto",""
"csc-289","product-signal","07 · WHAT BEHAVIOR TAUGHT","span","DRAFT","Use","Usar",""
"csc-290","product-signal","07 · WHAT BEHAVIOR TAUGHT","span","DRAFT","Observe","Observar",""
"csc-291","product-signal","07 · WHAT BEHAVIOR TAUGHT","span","DRAFT","Learn","Aprender",""
"csc-292","product-signal","07 · WHAT BEHAVIOR TAUGHT","span","DRAFT","Change","Cambiar",""
"csc-293","product-signal","07 · WHAT BEHAVIOR TAUGHT","img [alt]","DRAFT","Testing plan artifact: from protocol to product signal, distinguishing the Pantallas and Desbordes experience test from the Agresión, Ansiedad, and Límites premium cohort, ending in a support-ecosystem decision.","Artefacto del plan de prueba: del protocolo a la señal de producto, distinguiendo la prueba de experiencia de Pantallas y Desbordes de la cohorte premium de Agresión, Ansiedad y Límites, terminando en una decisión sobre el ecosistema de apoyo.",""
"csc-294","product-signal","07 · WHAT BEHAVIOR TAUGHT","span","DRAFT","EVIDENCE","EVIDENCIA",""
"csc-295","product-signal","07 · WHAT BEHAVIOR TAUGHT","p","DRAFT","Testing plan · Free support experience → signals → deeper structured offer","Plan de prueba · Experiencia de apoyo gratuita → señales → oferta estructurada más profunda",""
"csc-296","product-signal","07 · WHAT BEHAVIOR TAUGHT","p","DRAFT","Behavioral evidence","Evidencia de comportamiento",""
"csc-297","product-signal","07 · WHAT BEHAVIOR TAUGHT","h3","DRAFT","Four signals that changed what I built next","Cuatro señales que cambiaron lo que construí después",""
"csc-298","product-signal","07 · WHAT BEHAVIOR TAUGHT","p","DRAFT","A 91-day reporting window is a small sample. It was still enough to correct two assumptions I had made about how this content would be used.","Una ventana de 91 días es una muestra pequeña. Aun así fue suficiente para corregir dos supuestos míos sobre cómo se usaría este contenido.",""
"csc-299","product-signal","07 · WHAT BEHAVIOR TAUGHT","span","DRAFT","Evidence","Evidencia",""
"csc-300","product-signal","07 · WHAT BEHAVIOR TAUGHT","span","DRAFT","Interpretation","Interpretación",""
"csc-301","product-signal","07 · WHAT BEHAVIOR TAUGHT","span","DRAFT","Decision","Decisión",""
"csc-302","product-signal","07 · WHAT BEHAVIOR TAUGHT","span","DRAFT","Established","Establecido",""
"csc-303","product-signal","07 · WHAT BEHAVIOR TAUGHT","p","DRAFT","Entry signal","Señal de entrada",""
"csc-304","product-signal","07 · WHAT BEHAVIOR TAUGHT","p","DRAFT","Pantallas visitors","Visitantes de Pantallas",""
"csc-305","product-signal","07 · WHAT BEHAVIOR TAUGHT","p","DRAFT","Evidence","Evidencia",""
"csc-306","product-signal","07 · WHAT BEHAVIOR TAUGHT","p","DRAFT","Pantallas reached 71 visitors with <strong>72% average scroll depth</strong>.","Pantallas alcanzó 71 visitantes con 72% de profundidad de scroll promedio.",""
"csc-307","product-signal","07 · WHAT BEHAVIOR TAUGHT","p","DRAFT","Interpretation","Interpretación",""
"csc-308","product-signal","07 · WHAT BEHAVIOR TAUGHT","p","DRAFT","A familiar, immediate conflict became the strongest protocol entry point.","Un conflicto conocido e inmediato se convirtió en el punto de entrada más fuerte a los protocolos.",""
"csc-309","product-signal","07 · WHAT BEHAVIOR TAUGHT","p","DRAFT","Decision","Decisión",""
"csc-310","product-signal","07 · WHAT BEHAVIOR TAUGHT","p","DRAFT","Keep urgent, recognizable needs at the front of the public support layer.","Mantener las necesidades urgentes y reconocibles al frente de la capa pública de apoyo.",""
"csc-311","product-signal","07 · WHAT BEHAVIOR TAUGHT","span","DRAFT","Established","Establecido",""
"csc-312","product-signal","07 · WHAT BEHAVIOR TAUGHT","span","DRAFT","Pantallas was positioned as a designed entry route into related protocols, deeper learning, and later support pathways, an emerging progression, not yet a validated default across all traffic.","Pantallas se posicionó como ruta de entrada diseñada hacia protocolos relacionados, aprendizaje más profundo y caminos de apoyo posteriores: una progresión emergente, aunque todavía no una ruta validada para la totalidad del tráfico.",""
"csc-313","product-signal","07 · WHAT BEHAVIOR TAUGHT","p","DRAFT","Depth signal","Señal de profundidad",""
"csc-314","product-signal","07 · WHAT BEHAVIOR TAUGHT","span","DRAFT","sec","seg",""
"csc-315","product-signal","07 · WHAT BEHAVIOR TAUGHT","p","DRAFT","Desbordes attention","Atención en Desbordes",""
"csc-316","product-signal","07 · WHAT BEHAVIOR TAUGHT","p","DRAFT","Evidence","Evidencia",""
"csc-317","product-signal","07 · WHAT BEHAVIOR TAUGHT","p","DRAFT","Desbordes reached 41 visitors, <strong>79% average scroll depth</strong>, and 108 seconds average time on page.","Desbordes alcanzó 41 visitantes, 79% de profundidad de scroll promedio y 108 segundos de tiempo promedio en la página.",""
"csc-318","product-signal","07 · WHAT BEHAVIOR TAUGHT","p","DRAFT","Interpretation","Interpretación",""
"csc-319","product-signal","07 · WHAT BEHAVIOR TAUGHT","p","DRAFT","Parents did not only sample acute-support content. They stayed with it.","Las familias no solo probaron el contenido de apoyo agudo. Se quedaron con él.",""
"csc-320","product-signal","07 · WHAT BEHAVIOR TAUGHT","p","DRAFT","Decision","Decisión",""
"csc-321","product-signal","07 · WHAT BEHAVIOR TAUGHT","p","DRAFT","Prioritize concise intervention first, with enough depth to support understanding after the immediate moment.","Priorizar primero la intervención concisa, con suficiente profundidad para apoyar la comprensión después del momento inmediato.",""
"csc-322","product-signal","07 · WHAT BEHAVIOR TAUGHT","span","DRAFT","Established","Establecido",""
"csc-323","product-signal","07 · WHAT BEHAVIOR TAUGHT","span","DRAFT","Protocol pages were structured for rapid orientation under pressure, with denser explanation moved into Aprende and later layers rather than into the first screen.","Las páginas de protocolo se estructuraron para orientación rápida bajo presión, y la explicación más densa se movió a Aprende y a capas posteriores, no a la primera pantalla.",""
"csc-324","product-signal","07 · WHAT BEHAVIOR TAUGHT","p","DRAFT","Pathway signal","Señal de ruta",""
"csc-325","product-signal","07 · WHAT BEHAVIOR TAUGHT","p","DRAFT","~30%","~30%",""
"csc-326","product-signal","07 · WHAT BEHAVIOR TAUGHT","p","DRAFT","Portal entries","Entradas al portal",""
"csc-327","product-signal","07 · WHAT BEHAVIOR TAUGHT","p","DRAFT","Evidence","Evidencia",""
"csc-328","product-signal","07 · WHAT BEHAVIOR TAUGHT","p","DRAFT","<strong>67 unique visitors</strong> triggered portal_entered, approximately 30% of the 223 visitors in the reporting window.","67 visitantes únicos activaron portal_entered, aproximadamente el 30% de los 223 visitantes en la ventana de reporte.",""
"csc-329","product-signal","07 · WHAT BEHAVIOR TAUGHT","p","DRAFT","Interpretation","Interpretación",""
"csc-330","product-signal","07 · WHAT BEHAVIOR TAUGHT","p","DRAFT","A meaningful share moved beyond an individual page into the broader support environment.","Una porción significativa avanzó más allá de una página individual hacia el entorno de apoyo más amplio.",""
"csc-331","product-signal","07 · WHAT BEHAVIOR TAUGHT","p","DRAFT","Decision","Decisión",""
"csc-332","product-signal","07 · WHAT BEHAVIOR TAUGHT","p","DRAFT","Continue developing an owned pathway rather than treating protocols as isolated content.","Continuar desarrollando una ruta propia en lugar de tratar los protocolos como contenido aislado.",""
"csc-333","product-signal","07 · WHAT BEHAVIOR TAUGHT","span","DRAFT","Established","Establecido",""
"csc-334","product-signal","07 · WHAT BEHAVIOR TAUGHT","span","DRAFT","The information architecture connected protocols to portal entry, learning surfaces, and an emerging path toward continued support, without claiming that progression is commercially validated.","La arquitectura de información conectó protocolos con la entrada al portal, espacios de aprendizaje y una ruta emergente hacia apoyo continuo, sin afirmar que esa progresión ya esté validada comercialmente.",""
"csc-335","product-signal","07 · WHAT BEHAVIOR TAUGHT","p","DRAFT","Language signal","Señal de idioma",""
"csc-336","product-signal","07 · WHAT BEHAVIOR TAUGHT","p","DRAFT","Language changes","Cambios de idioma",""
"csc-337","product-signal","07 · WHAT BEHAVIOR TAUGHT","p","DRAFT","Evidence","Evidencia",""
"csc-338","product-signal","07 · WHAT BEHAVIOR TAUGHT","p","DRAFT","<strong>45 unique visitors</strong> triggered language_changed.","45 visitantes únicos activaron language_changed.",""
"csc-339","product-signal","07 · WHAT BEHAVIOR TAUGHT","p","DRAFT","Interpretation","Interpretación",""
"csc-340","product-signal","07 · WHAT BEHAVIOR TAUGHT","p","DRAFT","Visitors actively used the bilingual capability.","Los visitantes usaron activamente las funciones bilingües.",""
"csc-341","product-signal","07 · WHAT BEHAVIOR TAUGHT","p","DRAFT","Decision","Decisión",""
"csc-342","product-signal","07 · WHAT BEHAVIOR TAUGHT","p","DRAFT","Treat bilingual delivery as experience infrastructure, not a translation layer.","Tratar la entrega bilingüe como infraestructura de experiencia, no como una capa de traducción.",""
"csc-343","product-signal","07 · WHAT BEHAVIOR TAUGHT","span","DRAFT","Established","Establecido",""
"csc-344","product-signal","07 · WHAT BEHAVIOR TAUGHT","span","DRAFT","Language became a first-class part of the experience. It shipped and is actively used, while broader distribution of that bilingual reach remains unproven.","El idioma pasó a ser parte central de la experiencia. Está publicado y se usa de forma activa, mientras la distribución más amplia de ese alcance bilingüe sigue sin probarse.",""
"csc-345","product-signal","07 · WHAT BEHAVIOR TAUGHT","p","DRAFT","Plausible Analytics · 91-day window · May 22–August 20, 2026","Plausible Analytics · ventana de 91 días · 22 de mayo–20 de agosto, 2026",""
"csc-346","product-signal","07 · WHAT BEHAVIOR TAUGHT","p","DRAFT","I initially treated the protocols as educational content. Behavior showed that families reached for them as intervention tools, so I changed how I structured, measured, and maintained the experience.","Al principio traté los protocolos como contenido educativo. El comportamiento mostró que las familias los buscaban como herramientas de intervención, así que cambié la forma de estructurar, medir y mantener la experiencia.",""
"csc-347","product-signal","07 · WHAT BEHAVIOR TAUGHT","aside [aria-label]","DRAFT","Decision","Decisión",""
"csc-348","product-signal","07 · WHAT BEHAVIOR TAUGHT","p","DRAFT","Decision","Decisión",""
"csc-349","operations","10 · Operate","span","DRAFT","Behind the screen","Detrás de la pantalla",""
"csc-350","operations","10 · Operate","h2","DRAFT","The public experience was only one layer","La experiencia pública era solo una capa",""
"csc-351","operations","10 · Operate","p","DRAFT","Behind it, the practice gained the rhythms, responsibilities, production paths, workspaces, access systems, and measurement needed to keep the work moving.","Detrás de ella, la práctica ganó los ritmos, responsabilidades, rutas de producción, espacios de trabajo, sistemas de acceso y medición necesarios para mantener el trabajo en movimiento.",""
"csc-352","operations","10 · Operate","h3","DRAFT","Operating system","Sistema operativo",""
"csc-353","operations","10 · Operate","p","DRAFT","How the practice stays coherent over time.","Cómo la práctica se mantiene coherente en el tiempo.",""
"csc-354","operations","10 · Operate","img [alt]","DRAFT","Operating rhythm and publishing cadence behind the public surface","Ritmo operativo y cadencia de publicación detrás de lo visible al público",""
"csc-355","operations","10 · Operate","span","DRAFT","OPERATING","OPERACIÓN",""
"csc-356","operations","10 · Operate","h3","DRAFT","Rhythm","Ritmo",""
"csc-357","operations","10 · Operate","p","DRAFT","I set a recurring rhythm that connects planning, publishing, review, and the next editorial decision.","Establecí un ritmo recurrente que conecta planeación, publicación, revisión y la siguiente decisión editorial.",""
"csc-358","operations","10 · Operate","img [alt]","DRAFT","Ownership and governance · inputs, shared governance, and ownership across Nari and LG Studio","Responsabilidades y toma de decisiones · aportes, decisiones compartidas y responsabilidades entre Nari y LG Studio",""
"csc-359","operations","10 · Operate","span","DRAFT","SYSTEM","SISTEMA",""
"csc-360","operations","10 · Operate","h3","DRAFT","Governance","Reglas del sistema",""
"csc-361","operations","10 · Operate","p","DRAFT","I wrote the rules: who decides what, what is allowed to change, and what has to stay stable.","Escribí las reglas: quién decide qué, qué puede cambiar y qué debe permanecer estable.",""
"csc-362","operations","10 · Operate","img [alt]","DRAFT","Measurement model · signal capture, pattern reporting, interpretation, and the next editorial move","Modelo de medición · captura de señal, reporte de patrones, interpretación y el siguiente movimiento editorial",""
"csc-363","operations","10 · Operate","span","DRAFT","SYSTEM","SISTEMA",""
"csc-364","operations","10 · Operate","h3","DRAFT","Measurement","Medición",""
"csc-365","operations","10 · Operate","p","DRAFT","Protocols were structured to capture use signals such as views, time on page, and share actions, allowing future product decisions to follow behavior rather than assumptions.","Los protocolos se estructuraron para capturar señales de uso como vistas, tiempo en página y acciones de compartir, permitiendo que las futuras decisiones de producto siguieran el comportamiento y no las suposiciones.",""
"csc-366","operations","10 · Operate","h3","DRAFT","Enabling infrastructure","Infraestructura habilitante",""
"csc-367","operations","10 · Operate","p","DRAFT","The surfaces that make that practice runnable.","Las piezas que hacen operable esa práctica.",""
"csc-368","operations","10 · Operate","img [alt]","DRAFT","Production · three-phase journey from diagnóstico to arquitectura to activación","Producción · recorrido de tres fases, de diagnóstico a arquitectura a activación",""
"csc-369","operations","10 · Operate","span","DRAFT","OPERATING","OPERACIÓN",""
"csc-370","operations","10 · Operate","h3","DRAFT","Production","Producción",""
"csc-371","operations","10 · Operate","p","DRAFT","I defined the path from signal to shipped support, so publishing no longer depended on improvisation.","Definí la ruta de la señal al apoyo publicado, para que publicar dejara de depender de la improvisación.",""
"csc-372","operations","10 · Operate","img [alt]","DRAFT","Client workspace · context, decisions, priorities, history, and active work in one operating surface","Espacio de trabajo del cliente · contexto, decisiones, prioridades, historial y trabajo activo en un solo espacio operativo",""
"csc-373","operations","10 · Operate","span","DRAFT","OPERATING","OPERACIÓN",""
"csc-374","operations","10 · Operate","h3","DRAFT","Client workspace","Espacio de trabajo del cliente",""
"csc-375","operations","10 · Operate","p","DRAFT","Context, priorities, and active decisions moved into one continuous environment.","El contexto, las prioridades y las decisiones activas se trasladaron a un solo entorno continuo.",""
"csc-376","operations","10 · Operate","img [alt]","DRAFT","Protected access · StrategyIQ secure portal into client workspaces and operating infrastructure","Acceso protegido · portal seguro de StrategyIQ hacia los espacios de trabajo del cliente y la infraestructura operativa",""
"csc-377","operations","10 · Operate","span","DRAFT","OPERATING","OPERACIÓN",""
"csc-378","operations","10 · Operate","h3","DRAFT","Protected access","Acceso protegido",""
"csc-379","operations","10 · Operate","p","DRAFT","The architecture could support continuity beyond public content.","La arquitectura podía sostener la continuidad más allá del contenido público.",""
"csc-380","product","10 · From support to product","span","DRAFT","From support to product","Del apoyo al producto",""
"csc-381","product","10 · From support to product","h2","DRAFT","Support needed more than content. [line break] It needed a path into continued care","El apoyo necesitaba más que contenido. [line break] Necesitaba un camino hacia el acompañamiento continuo",""
"csc-382","product","10 · From support to product","p","DRAFT","I architected the connection between free public resources, a calmer learning environment, targeted access, and membership. The value on offer is not premium content for its own sake. It is navigation, preparation, and continuity.","Diseñé la arquitectura que conecta los recursos públicos gratuitos, un entorno de aprendizaje más calmado, el acceso puntual y la membresía. El valor que se ofrece no es contenido premium por sí mismo. Es navegación, preparación y continuidad.",""
"csc-383","product","10 · From support to product","div [aria-label]","DRAFT","Three-layer product model","Modelo de producto de tres capas",""
"csc-384","product","10 · From support to product","p","DRAFT","Public resources","Recursos públicos",""
"csc-385","product","10 · From support to product","p","DRAFT","Free and genuinely useful.","Gratuitos y genuinamente útiles.",""
"csc-386","product","10 · From support to product","p","DRAFT","El Estudio","El Estudio",""
"csc-387","product","10 · From support to product","p","DRAFT","A calmer, more continuous support environment.","Un entorno de apoyo más calmado y continuo.",""
"csc-388","product","10 · From support to product","p","DRAFT","Access architecture","Arquitectura de acceso",""
"csc-389","product","10 · From support to product","p","DRAFT","Access Pass · targeted / one-time · Membership · continuous support","Access Pass · dirigido [line break] de un solo uso · Membresía · apoyo continuo",""
"csc-390","product","10 · From support to product","div [aria-label]","DRAFT","Experience principle","Principio de experiencia",""
"csc-391","product","10 · From support to product","span","DRAFT","Understand what is happening","Entender qué está pasando",""
"csc-392","product","10 · From support to product","span","DRAFT","Decide what matters now","Decidir qué importa ahora",""
"csc-393","product","10 · From support to product","span","DRAFT","Take one useful next step","Dar un próximo paso útil",""
"csc-394","product","10 · From support to product","p","DRAFT","Architecture → Infrastructure","Arquitectura → Infraestructura",""
"csc-395","product","10 · From support to product","img [alt]","DRAFT","Product architecture diagram showing public resources, El Estudio, and access layers as a designed support system","Diagrama de arquitectura de producto mostrando recursos públicos, El Estudio y capas de acceso como un sistema de apoyo diseñado",""
"csc-396","product","10 · From support to product","span","DRAFT","ARCHITECTED","DISEÑADO",""
"csc-397","product","10 · From support to product","p","DRAFT","Product architecture · Access layers made legible","Arquitectura de producto · Capas de acceso claramente definidas",""
"csc-398","product","10 · From support to product","img [alt]","DRAFT","Protected access and account infrastructure · identity, client, and workspace layers for continuing the work","Acceso protegido e infraestructura de cuenta · capas de identidad, cliente y espacio de trabajo para continuar el trabajo",""
"csc-399","product","10 · From support to product","span","DRAFT","IMPLEMENTING","EN IMPLEMENTACIÓN",""
"csc-400","product","10 · From support to product","p","DRAFT","Access infrastructure · Authentication and protected continuity","Infraestructura de acceso · Autenticación y continuidad protegida",""
"csc-401","product","10 · From support to product","p","DRAFT","Member environment · In implementation","Entorno de miembros · En implementación",""
"csc-402","product","10 · From support to product","p","DRAFT","El Estudio taking form","El Estudio tomando forma",""
"csc-403","product","10 · From support to product","img [alt]","DRAFT","El Estudio member environment in implementation · Access, El Estudio, and architecture as one composition taking form","Entorno de miembros de El Estudio en implementación · Acceso, El Estudio y arquitectura como una sola composición tomando forma",""
"csc-404","product","10 · From support to product","span","DRAFT","IMPLEMENTING","EN IMPLEMENTACIÓN",""
"csc-405","product","10 · From support to product","p","DRAFT","El Estudio · Access → Member environment → Learning experience","El Estudio · Acceso → Entorno de miembros → Experiencia de aprendizaje",""
"csc-406","product","10 · From support to product","p","DRAFT","Current state","Estado actual",""
"csc-407","product","10 · From support to product","span","DRAFT","SHIPPED","PUBLICADO",""
"csc-408","product","10 · From support to product","h3","DRAFT","Shipped","PUBLICADO",""
"csc-409","product","10 · From support to product","li","DRAFT","Public bilingual platform","Plataforma pública bilingüe",""
"csc-410","product","10 · From support to product","li","DRAFT","Four public protocols: Pantallas, Desbordes, Sueño, and Hermanos","Cuatro protocolos públicos: Pantallas, Desbordes, Sueño y Hermanos",""
"csc-411","product","10 · From support to product","li","DRAFT","Editorial surface","Espacio editorial",""
"csc-412","product","10 · From support to product","li","DRAFT","Visual and illustration systems","Sistemas visuales y de ilustración",""
"csc-413","product","10 · From support to product","li","DRAFT","Analytics instrumentation for the protocol experience","Instrumentación analítica para la experiencia de protocolo",""
"csc-414","product","10 · From support to product","span","DRAFT","ARCHITECTED","DISEÑADO",""
"csc-415","product","10 · From support to product","h3","DRAFT","Architected","DISEÑADO",""
"csc-416","product","10 · From support to product","li","DRAFT","El Estudio product model","Modelo de producto de El Estudio",""
"csc-417","product","10 · From support to product","li","DRAFT","Access and permissions","Acceso y permisos",""
"csc-418","product","10 · From support to product","li","DRAFT","Membership and monetization model","Modelo de membresía y monetización",""
"csc-419","product","10 · From support to product","li","DRAFT","Measurement model","Modelo de medición",""
"csc-420","product","10 · From support to product","span","DRAFT","IMPLEMENTING","EN IMPLEMENTACIÓN",""
"csc-421","product","10 · From support to product","h3","DRAFT","Implementing","EN IMPLEMENTACIÓN",""
"csc-422","product","10 · From support to product","li","DRAFT","Authentication and payments","Autenticación y pagos",""
"csc-423","product","10 · From support to product","li","DRAFT","Protected experience","Experiencia protegida",""
"csc-424","product","10 · From support to product","li","DRAFT","Member infrastructure","Infraestructura de miembros",""
"csc-425","product","10 · From support to product","span","DRAFT","STILL TO VALIDATE","AÚN POR VALIDAR",""
"csc-426","product","10 · From support to product","h3","DRAFT","Still to validate","AÚN POR VALIDAR",""
"csc-427","product","10 · From support to product","li","DRAFT","Conversion and activation","Conversión y activación",""
"csc-428","product","10 · From support to product","li","DRAFT","Adoption and retention","Adopción y retención",""
"csc-429","product","10 · From support to product","li","DRAFT","Pricing","Precio",""
"csc-430","product","10 · From support to product","li","DRAFT","Commercial performance","Desempeño comercial",""
"csc-431","product","10 · From support to product","h3","DRAFT","The architecture is defined. [line break] The infrastructure is catching up","La arquitectura está definida. [line break] La infraestructura la está alcanzando",""
"csc-432","product","10 · From support to product","p","DRAFT","What remains is implementation, adoption, and proof.","Lo que queda es implementación, adopción y evidencia.",""
"csc-433","product","10 · From support to product","p","DRAFT","Shipped → Architected → Implementing → Validating","Publicado → Diseñado → En implementación → Validando",""
"csc-434","changed","10 · WHAT CHANGED","span","DRAFT","What actually changed","Lo que realmente cambió",""
"csc-435","changed","10 · WHAT CHANGED","h2","DRAFT","What exists now that did not exist before","Lo que existe ahora y antes no existía",""
"csc-436","changed","10 · WHAT CHANGED","p","DRAFT","This is a living practice, not a finished portfolio artifact. Some capabilities are operating now. Others are architected, implementing, or still waiting to be validated.","Esta es una práctica viva, no un artefacto de portafolio terminado. Algunas capacidades ya están operando. Otras están diseñadas, en implementación, o aún esperando validarse.",""
"csc-437","changed","10 · WHAT CHANGED","p","DRAFT","The behavioral evidence, summarized","La evidencia de comportamiento, resumida",""
"csc-438","changed","10 · WHAT CHANGED","p","DRAFT","Pantallas visitors","Visitantes de Pantallas",""
"csc-439","changed","10 · WHAT CHANGED","p","DRAFT","Strongest protocol entry point · 72% average scroll","Punto de entrada más fuerte a los protocolos · 72% de scroll promedio",""
"csc-440","changed","10 · WHAT CHANGED","p","DRAFT","108 sec","108 seg",""
"csc-441","changed","10 · WHAT CHANGED","p","DRAFT","Desbordes attention","Atención en Desbordes",""
"csc-442","changed","10 · WHAT CHANGED","p","DRAFT","41 visitors · 79% average scroll","41 visitantes · 79% de scroll promedio",""
"csc-443","changed","10 · WHAT CHANGED","p","DRAFT","Portal entries","Entradas al portal",""
"csc-444","changed","10 · WHAT CHANGED","p","DRAFT","Unique visitors · approximately 30% of the reporting audience","Visitantes únicos · aproximadamente 30% de la audiencia del reporte",""
"csc-445","changed","10 · WHAT CHANGED","p","DRAFT","Language changes","Cambios de idioma",""
"csc-446","changed","10 · WHAT CHANGED","p","DRAFT","Unique visitors actively using the bilingual experience","Visitantes únicos que usan activamente la experiencia bilingüe",""
"csc-447","changed","10 · WHAT CHANGED","p","DRAFT","Plausible Analytics · May 22–August 20, 2026 · 223 total visitors","Plausible Analytics · 22 de mayo–20 de agosto, 2026 · 223 visitantes totales",""
"csc-448","changed","10 · WHAT CHANGED","div [aria-label]","DRAFT","What the experience validated and what remains unproven","Lo que la experiencia validó y lo que aún no está probado",""
"csc-449","changed","10 · WHAT CHANGED","p","DRAFT","What the experience validated","Lo que la experiencia validó",""
"csc-450","changed","10 · WHAT CHANGED","h3","DRAFT","The support content earned attention","El contenido de apoyo ganó atención",""
"csc-451","changed","10 · WHAT CHANGED","p","DRAFT","Protocol visitors showed strong scroll depth, sustained attention on Desbordes, movement into the portal, and active use of the bilingual experience.","Los visitantes de los protocolos mostraron una fuerte profundidad de scroll, atención sostenida en Desbordes, movimiento hacia el portal y uso activo de la experiencia bilingüe.",""
"csc-452","changed","10 · WHAT CHANGED","p","DRAFT","What remains unproven","Lo que aún no está probado",""
"csc-453","changed","10 · WHAT CHANGED","h3","DRAFT","Distribution has not caught up","La distribución todavía no alcanza ese nivel",""
"csc-454","changed","10 · WHAT CHANGED","p","DRAFT","Of 223 visitors, 208 arrived through Direct/None. Instagram contributed 9 visitors, while Google and Bing contributed 2 combined. Early traffic remained concentrated within an existing network.","De 223 visitantes, 208 llegaron por Directo/Ninguno. Instagram aportó 9 visitantes, mientras que Google y Bing aportaron 2 en conjunto. El tráfico temprano se mantuvo concentrado dentro de una red existente.",""
"csc-455","changed","10 · WHAT CHANGED","p","DRAFT","The early evidence validated the support experience, not yet its distribution.","La evidencia temprana validó la experiencia de apoyo, no todavía su distribución.",""
"csc-456","changed","10 · WHAT CHANGED","p","DRAFT","What the engagement changed structurally","Lo que el trabajo cambió estructuralmente",""
"csc-457","changed","10 · WHAT CHANGED","h3","DRAFT","From presence-dependent expertise to governed support pathways","De un conocimiento ligado a la presencia a rutas de apoyo con reglas claras",""
"csc-458","changed","10 · WHAT CHANGED","p","DRAFT","The work did not remove Nari from the center of the practice. It changed how her expertise could be organized, delivered, and developed beyond a single interaction.","El trabajo no desplazó a Nari del centro de la práctica. Cambió la manera en que su conocimiento podía organizarse, entregarse y desarrollarse más allá de una sola interacción.",""
"csc-459","changed","10 · WHAT CHANGED","p","DRAFT","Before the engagement","Antes del trabajo",""
"csc-460","changed","10 · WHAT CHANGED","p","DRAFT","What the engagement established","Lo que el trabajo estableció",""
"csc-461","changed","10 · WHAT CHANGED","p","DRAFT","Expertise concentrated in Nari’s direct presence","El conocimiento dependía de la presencia directa de Nari",""
"csc-462","changed","10 · WHAT CHANGED","p","DRAFT","Expertise translated into governed support pathways","Ese conocimiento se tradujo en rutas de apoyo con reglas claras",""
"csc-463","changed","10 · WHAT CHANGED","p","DRAFT","Support dispersed across social posts and messages","El apoyo estaba disperso entre publicaciones y mensajes",""
"csc-464","changed","10 · WHAT CHANGED","p","DRAFT","Support organized within owned, connected experiences","El apoyo se organizó dentro de experiencias propias y conectadas",""
"csc-465","changed","10 · WHAT CHANGED","p","DRAFT","Publishing as the primary delivery model","Publicar era el principal modelo de entrega",""
"csc-466","changed","10 · WHAT CHANGED","p","DRAFT","Publishing connected to observation and learning","La publicación se conectó con observación y aprendizaje",""
"csc-467","changed","10 · WHAT CHANGED","p","DRAFT","Decisions held through individual memory and effort","Las decisiones dependían de la memoria y el esfuerzo individual",""
"csc-468","changed","10 · WHAT CHANGED","p","DRAFT","Decisions documented through rules, roles, and operating rhythms","Las decisiones se documentaron mediante reglas, roles y ritmos operativos",""
"csc-469","changed","10 · WHAT CHANGED","p","DRAFT","Audience attention without a defined progression","La atención de la audiencia no tenía una progresión definida",""
"csc-470","changed","10 · WHAT CHANGED","p","DRAFT","An emerging pathway from urgent need to deeper support","Se estableció una ruta emergente desde la necesidad urgente hacia un apoyo más profundo",""
"csc-471","changed","10 · WHAT CHANGED","p","DRAFT","Useful resources produced individually","Los recursos útiles se producían de forma individual",""
"csc-472","changed","10 · WHAT CHANGED","p","DRAFT","A repeatable architecture for producing and evolving support","Se creó una estructura repetible para producir y evolucionar el apoyo",""
"csc-473","changed","10 · WHAT CHANGED","p","DRAFT","The result was an operating foundation through which the practice could deliver support, observe behavior, govern decisions, and develop future products without rebuilding each time.","El resultado fue una base operativa desde la cual la práctica podía ofrecer apoyo, observar comportamientos, gobernar decisiones y desarrollar futuros productos sin reconstruir cada vez.",""
"csc-474","changed","10 · WHAT CHANGED","p","DRAFT","Nari brought the parenting expertise, lived experience, teaching, audience, and trusted voice. Access still depended on her presence, post by post and message by message. I translated that value into brand, experience, product, governance, measurement, and operating architecture so it could travel farther.","Nari aportó el conocimiento sobre crianza, la experiencia vivida, la enseñanza, la audiencia y una voz de confianza. El acceso todavía dependía de su presencia, publicación por publicación y mensaje por mensaje. Yo traduje ese valor en arquitectura de marca, experiencia, producto, reglas del sistema, medición y operación para que pudiera llegar más lejos.",""
"csc-475","changed","10 · WHAT CHANGED","p","DRAFT","The system did not replace her judgment. It changed how far that judgment could reach, how consistently it arrived, and how deliberately the practice could learn from what happened next.","El sistema no reemplazó su criterio. Cambió hasta dónde podía llegar ese criterio, con cuánta consistencia llegaba y con cuánta intención podía la práctica aprender de lo que sucediera después.",""
"csc-476","changed","10 · WHAT CHANGED","h3","DRAFT","WHAT CHANGED","LO QUE CAMBIÓ",""
"csc-477","changed","10 · WHAT CHANGED","p","DRAFT","The practice can publish, learn, and make decisions through a defined system.","La práctica puede publicar, aprender y tomar decisiones a través de un sistema definido.",""
"csc-478","changed","10 · WHAT CHANGED","h3","DRAFT","WHAT BECAME POSSIBLE","LO QUE SE VOLVIÓ POSIBLE",""
"csc-479","changed","10 · WHAT CHANGED","p","DRAFT","Owned bilingual support and an emerging path from immediate relief toward continued care.","Apoyo bilingüe propio y una ruta emergente del alivio inmediato hacia un acompañamiento continuo.",""
"csc-480","changed","10 · WHAT CHANGED","h3","DRAFT","WHAT REMAINS UNPROVEN","LO QUE FALTA PROBAR",""
"csc-481","changed","10 · WHAT CHANGED","p","DRAFT","Distribution, adoption, retention, pricing, and commercial performance.","Distribución, adopción, retención, precios y desempeño comercial.",""
"csc-482","changed","10 · WHAT CHANGED","p","DRAFT","This is the work I do at LG Studio: read a complicated situation, find the system it is missing, and build the thing that makes the expertise usable.","Este es el trabajo que hago en LG Studio: leer una situación compleja, encontrar el sistema que le falta y construir aquello que hace utilizable el conocimiento.",""
"csc-483","changed","10 · WHAT CHANGED","p","DRAFT","Nari’s trust now has infrastructure.","La confianza de Nari ahora tiene infraestructura.",""
"csc-484","changed","10 · WHAT CHANGED","p","DRAFT","Living case study · April 2026 – August 2026 · Linked from Studio","Estudio de caso vivo · Abril 2026 – Agosto 2026 · Enlazado desde Studio",""
