id,type,section,source_en,translation_es,notes
meta.title,SEO,"Meta","Criar Sin Culpas · Case Study V1 · WORKING EDIT | LG Studio","Criar Sin Culpas · Estudio de Caso V1 · EDICIÓN DE TRABAJO | LG Studio","Browser tab. Working-edit label may stay English-only until publish."
meta.description,SEO,"Meta","Private working duplicate of the Criar Sin Culpas living case study for narrative and evidence revision. Not linked from portfolio navigation.","Duplicado de trabajo privado del estudio de caso vivo de Criar Sin Culpas para revisión narrativa y de evidencia. No enlazado desde la navegación del portafolio.","Meta description · page is noindex"
01_the_existing_value_hero_001,label,"01 · THE EXISTING VALUE · HERO","CRIAR SIN CULPAS · LIVING CASE STUDY","CRIAR SIN CULPAS · ESTUDIO DE CASO VIVO",""
01_the_existing_value_hero_002,heading,"01 · THE EXISTING VALUE · HERO","The trust was already there. / The system wasn't","La confianza ya existía. / El sistema, no",""
01_the_existing_value_hero_003,body,"01 · THE EXISTING VALUE · HERO","Criar Sin Culpas already had what many practices spend years trying to earn: trust, expertise, and an audience. But that value lived across disconnected formats and platforms. The engagement became the work of turning it into a support system parents could use and the practice could sustain.","Criar Sin Culpas ya tenía lo que muchas prácticas tardan años en ganar: confianza, experiencia y una audiencia. Pero ese valor vivía disperso entre formatos y plataformas desconectadas. El trabajo se convirtió en transformarlo en un sistema de apoyo que las familias pudieran usar y la práctica pudiera sostener.",""
01_the_existing_value_hero_004,label,"01 · THE EXISTING VALUE · HERO","Formation arc","Arco de formación",""
01_the_existing_value_hero_005,body,"01 · THE EXISTING VALUE · HERO","Voice","Voz",""
01_the_existing_value_hero_006,body,"01 · THE EXISTING VALUE · HERO","Brand","Marca",""
01_the_existing_value_hero_007,body,"01 · THE EXISTING VALUE · HERO","Platform","Plataforma",""
01_the_existing_value_hero_008,body,"01 · THE EXISTING VALUE · HERO","Support","Apoyo",""
01_the_existing_value_hero_009,body,"01 · THE EXISTING VALUE · HERO","Product","Producto",""
01_the_existing_value_hero_010,body,"01 · THE EXISTING VALUE · HERO","Operations","Operación",""
01_the_existing_value_hero_011,caption,"01 · THE EXISTING VALUE · HERO","What began with voice became an owned system for support, learning, product, and operations.","Lo que comenzó como voz se convirtió en un sistema propio de apoyo, aprendizaje, producto y operación.",""
01_the_existing_value_hero_alt_012,alt,"01 · THE EXISTING VALUE · HERO","Nari Gilberto and her son sitting together on the floor, smiling and holding hands in warm afternoon light","Nari Gilberto y su hijo sentados juntos en el piso, sonriendo y tomados de la mano bajo luz cálida de tarde","Image alt text · translate for accessibility"
01_the_existing_value_hero_aria_013,aria,"01 · THE EXISTING VALUE · HERO","Formation sequence","Secuencia de formación","Screen-reader label"
01_the_existing_value_starti_001,label,"01 · THE EXISTING VALUE · STARTING POINT","The existing value","El valor existente",""
01_the_existing_value_starti_002,heading,"01 · THE EXISTING VALUE · STARTING POINT","What already existed · and what needed structure","Lo que ya existía · y lo que necesitaba estructura",""
01_the_existing_value_starti_003,heading,"01 · THE EXISTING VALUE · STARTING POINT","What already existed","Lo que ya existía",""
01_the_existing_value_starti_004,label,"01 · THE EXISTING VALUE · STARTING POINT","Nari","Nari",""
01_the_existing_value_starti_005,body,"01 · THE EXISTING VALUE · STARTING POINT","Trusted voice","Voz de confianza",""
01_the_existing_value_starti_006,body,"01 · THE EXISTING VALUE · STARTING POINT","Teaching, public work, and lived experience in one presence.","Enseñanza, trabajo público y experiencia vivida en una sola presencia.",""
01_the_existing_value_starti_007,label,"01 · THE EXISTING VALUE · STARTING POINT","Audience","Audiencia",""
01_the_existing_value_starti_008,body,"01 · THE EXISTING VALUE · STARTING POINT","Existing audience","Audiencia existente",""
01_the_existing_value_starti_009,body,"01 · THE EXISTING VALUE · STARTING POINT","A community already gathering around the work.","Una comunidad que ya se reunía alrededor del trabajo.",""
01_the_existing_value_starti_010,label,"01 · THE EXISTING VALUE · STARTING POINT","Knowledge","Conocimiento",""
01_the_existing_value_starti_011,body,"01 · THE EXISTING VALUE · STARTING POINT","Recurring expertise","Experiencia recurrente",""
01_the_existing_value_starti_012,body,"01 · THE EXISTING VALUE · STARTING POINT","Workshops, materials, and explanations shaped by repetition.","Talleres, materiales y explicaciones moldeados por la repetición.",""
01_the_existing_value_starti_013,label,"01 · THE EXISTING VALUE · STARTING POINT","Identity","Identidad",""
01_the_existing_value_starti_014,body,"01 · THE EXISTING VALUE · STARTING POINT","Recognizable early identity","Identidad temprana reconocible",""
01_the_existing_value_starti_015,body,"01 · THE EXISTING VALUE · STARTING POINT","Logo, templates, and visual references in use.","Logo, plantillas y referencias visuales en uso.",""
01_the_existing_value_starti_016,label,"01 · THE EXISTING VALUE · STARTING POINT","What needed to be organized","Lo que necesitaba organizarse",""
01_the_existing_value_starti_017,body,"01 · THE EXISTING VALUE · STARTING POINT","Workshops","Talleres",""
01_the_existing_value_starti_018,body,"01 · THE EXISTING VALUE · STARTING POINT","Teaching","Enseñanza",""
01_the_existing_value_starti_019,body,"01 · THE EXISTING VALUE · STARTING POINT","Recurring explanations","Explicaciones recurrentes",""
01_the_existing_value_starti_020,body,"01 · THE EXISTING VALUE · STARTING POINT","Lived experience","Experiencia vivida",""
01_the_existing_value_starti_021,body,"01 · THE EXISTING VALUE · STARTING POINT","Language","Lenguaje",""
01_the_existing_value_starti_022,body,"01 · THE EXISTING VALUE · STARTING POINT","Audience questions","Preguntas de la audiencia",""
01_the_existing_value_starti_023,body,"01 · THE EXISTING VALUE · STARTING POINT","Recurring situations","Situaciones recurrentes",""
01_the_existing_value_starti_024,body,"01 · THE EXISTING VALUE · STARTING POINT","Discovery material","Material de descubrimiento",""
01_the_existing_value_starti_025,body,"01 · THE EXISTING VALUE · STARTING POINT","Initial intake · April 8, 2025","Levantamiento inicial · 8 de abril, 2025",""
01_the_existing_value_starti_026,list,"01 · THE EXISTING VALUE · STARTING POINT","“My child is hitting/screaming. What do I do right now?”","“Mi hijo está golpeando/gritando. ¿Qué hago ahora mismo?”",""
01_the_existing_value_starti_027,list,"01 · THE EXISTING VALUE · STARTING POINT","“I’m losing control. How do I not react?”","“Estoy perdiendo el control. ¿Cómo no reacciono?”",""
01_the_existing_value_starti_028,list,"01 · THE EXISTING VALUE · STARTING POINT","“This is getting worse. How do I de-escalate it?”","“Esto está empeorando. ¿Cómo lo bajo?”",""
01_the_existing_value_starti_029,body,"01 · THE EXISTING VALUE · STARTING POINT","Escalation","Escalada",""
01_the_existing_value_starti_030,body,"01 · THE EXISTING VALUE · STARTING POINT","Regulation","Regulación",""
01_the_existing_value_starti_031,body,"01 · THE EXISTING VALUE · STARTING POINT","Structure","Estructura",""
01_the_existing_value_starti_032,body,"01 · THE EXISTING VALUE · STARTING POINT","Communication","Comunicación",""
01_the_existing_value_starti_033,body,"01 · THE EXISTING VALUE · STARTING POINT","Guidance","Orientación",""
01_the_existing_value_starti_034,body,"01 · THE EXISTING VALUE · STARTING POINT","Real-time intervention","Intervención en tiempo real",""
01_the_existing_value_starti_035,list,"01 · THE EXISTING VALUE · STARTING POINT","01 Collect","01 Recolectar",""
01_the_existing_value_starti_036,list,"01 · THE EXISTING VALUE · STARTING POINT","02 Compare","02 Comparar",""
01_the_existing_value_starti_037,list,"01 · THE EXISTING VALUE · STARTING POINT","03 Cluster","03 Agrupar",""
01_the_existing_value_starti_038,list,"01 · THE EXISTING VALUE · STARTING POINT","04 Synthesize","04 Sintetizar",""
01_the_existing_value_starti_aria_039,aria,"01 · THE EXISTING VALUE · STARTING POINT","Source material","Material fuente","Screen-reader label"
01_the_existing_value_starti_aria_040,aria,"01 · THE EXISTING VALUE · STARTING POINT","Discovery material from the April 8, 2025 initial intake showing common questions and recurring themes","Material de descubrimiento del levantamiento inicial del 8 de abril de 2025, mostrando preguntas comunes y temas recurrentes","Screen-reader label"
01_the_existing_value_starti_aria_041,aria,"01 · THE EXISTING VALUE · STARTING POINT","Analysis process from source material to emerging structure","Proceso de análisis desde el material fuente hasta la estructura emergente","Screen-reader label"
02_the_diagnosis_001,label,"02 · THE DIAGNOSIS","The diagnosis","El diagnóstico",""
02_the_diagnosis_002,heading,"02 · THE DIAGNOSIS","Behavior changed the read. / The read changed what we built.","El comportamiento cambió la lectura. / La lectura cambió lo que construimos.",""
02_the_diagnosis_003,lede,"02 · THE DIAGNOSIS","Parents arrived activated, scanning, and short on capacity. Their behavior pointed to urgency, not leisurely content consumption. StrategyIQ reframed the opportunity from organizing information to designing support for the moment it was needed.","Las familias llegaban activadas, escaneando, con poca capacidad disponible. Su comportamiento apuntaba a urgencia, no a un consumo relajado de contenido. StrategyIQ replanteó la oportunidad: de organizar información a diseñar apoyo para el momento en que se necesitaba.",""
02_the_diagnosis_004,label,"02 · THE DIAGNOSIS","SIGNAL","SEÑAL",""
02_the_diagnosis_005,heading,"02 · THE DIAGNOSIS","What we observed","Lo que observamos",""
02_the_diagnosis_006,body,"02 · THE DIAGNOSIS","Activated arrival, scanning behavior, and short capacity.","Llegada activada, comportamiento de escaneo y poca capacidad disponible.",""
02_the_diagnosis_007,label,"02 · THE DIAGNOSIS","READ","LECTURA",""
02_the_diagnosis_008,heading,"02 · THE DIAGNOSIS","What it suggested","Lo que sugería",""
02_the_diagnosis_009,body,"02 · THE DIAGNOSIS","Design for the moment of need, not leisurely content consumption.","Diseñar para el momento de necesidad, no para un consumo relajado de contenido.",""
02_the_diagnosis_010,label,"02 · THE DIAGNOSIS","DECISION","DECISIÓN",""
02_the_diagnosis_011,heading,"02 · THE DIAGNOSIS","What changed","Lo que cambió",""
02_the_diagnosis_012,body,"02 · THE DIAGNOSIS","The work shifted from organizing information to designing support under pressure.","El trabajo pasó de organizar información a diseñar apoyo bajo presión.",""
02_the_diagnosis_013,label,"02 · THE DIAGNOSIS","READ → DECISION","LECTURA → DECISIÓN",""
02_the_diagnosis_014,caption,"02 · THE DIAGNOSIS","The first read identified emotional urgency. The closer read exposed a larger requirement: support needed an ecosystem, not another content library.","La primera lectura identificó urgencia emocional. La lectura más cercana reveló un requerimiento mayor: el apoyo necesitaba un entramado, no otra biblioteca de contenido.",""
02_the_diagnosis_alt_015,alt,"02 · THE DIAGNOSIS","StrategyIQ first and second reads showing the shift from emotional urgency to a support ecosystem","Primera y segunda lectura de StrategyIQ, mostrando el paso de urgencia emocional a un entramado de apoyo","Image alt text · translate for accessibility"
02_the_diagnosis_aria_016,aria,"02 · THE DIAGNOSIS","Signal to decision","De la señal a la decisión","Screen-reader label"
03_the_learned_identity_001,label,"03 · THE LEARNED IDENTITY","The learned identity","La identidad aprendida",""
03_the_learned_identity_002,heading,"03 · THE LEARNED IDENTITY","The identity evolved as the practice became clearer.","La identidad evolucionó a medida que la práctica se hizo más clara.",""
03_the_learned_identity_003,lede,"03 · THE LEARNED IDENTITY","Each generation solved a problem the work had revealed. Recognition became urgency. Urgency gained editorial structure. Structure eventually required governance.","Cada generación resolvió un problema que el trabajo había revelado. El reconocimiento se volvió urgencia. La urgencia ganó estructura editorial. La estructura, eventualmente, requirió gobernanza.",""
03_the_learned_identity_004,body,"03 · THE LEARNED IDENTITY","Voice → Urgency → Structure → Formalization → Governance","Voz → Urgencia → Estructura → Formalización → Gobernanza",""
03_the_learned_identity_005,body,"03 · THE LEARNED IDENTITY","A · Superseded","A · Reemplazada",""
03_the_learned_identity_006,heading,"03 · THE LEARNED IDENTITY","Recognition and voice","Reconocimiento y voz",""
03_the_learned_identity_007,body,"03 · THE LEARNED IDENTITY","Earliest visual home for the voice · warmer than a finished practice.","Primer hogar visual de la voz · más cálido que una práctica terminada.",""
03_the_learned_identity_008,body,"03 · THE LEARNED IDENTITY","B · Superseded","B · Reemplazada",""
03_the_learned_identity_009,heading,"03 · THE LEARNED IDENTITY","Urgency and intervention","Urgencia e intervención",""
03_the_learned_identity_010,body,"03 · THE LEARNED IDENTITY","Harder moments pulled the tone toward concentration and intervention.","Los momentos más difíciles llevaron el tono hacia la concentración y la intervención.",""
03_the_learned_identity_011,body,"03 · THE LEARNED IDENTITY","C · Superseded","C · Reemplazada",""
03_the_learned_identity_012,heading,"03 · THE LEARNED IDENTITY","Editorial structure","Estructura editorial",""
03_the_learned_identity_013,body,"03 · THE LEARNED IDENTITY","Hierarchy and repeatable editorial patterns began to carry the work.","La jerarquía y los patrones editoriales repetibles empezaron a sostener el trabajo.",""
03_the_learned_identity_014,body,"03 · THE LEARNED IDENTITY","D · Superseded","D · Reemplazada",""
03_the_learned_identity_015,heading,"03 · THE LEARNED IDENTITY","Formalization and governance","Formalización y gobernanza",""
03_the_learned_identity_016,body,"03 · THE LEARNED IDENTITY","Coherent enough to document publicly · still evolving underneath.","Suficientemente coherente para documentarse públicamente · aún en evolución por dentro.",""
03_the_learned_identity_017,body,"03 · THE LEARNED IDENTITY","Current · Governed","Actual · Gobernado",""
03_the_learned_identity_018,heading,"03 · THE LEARNED IDENTITY","Governed System","Sistema Gobernado",""
03_the_learned_identity_019,body,"03 · THE LEARNED IDENTITY","Lessons held together · a warmer system across editorial, product, and practice.","Las lecciones se mantienen unidas · un sistema más cálido a través de lo editorial, el producto y la práctica.",""
03_the_learned_identity_020,body,"03 · THE LEARNED IDENTITY","The iterations were not detours. Each one encoded something the work had taught us.","Las iteraciones no fueron desvíos. Cada una codificó algo que el trabajo nos había enseñado.",""
03_the_learned_identity_021,heading,"03 · THE LEARNED IDENTITY","Once the practice began evolving through use, evolution itself needed rules.","Una vez que la práctica comenzó a evolucionar con el uso, la evolución misma necesitó reglas.",""
03_the_learned_identity_022,label,"03 · THE LEARNED IDENTITY","Internal","Interno",""
03_the_learned_identity_023,heading,"03 · THE LEARNED IDENTITY","System of Record","Sistema de Registro",""
03_the_learned_identity_024,body,"03 · THE LEARNED IDENTITY","The internal source of truth preserves decisions, lineage, migrations, and unresolved boundaries.","La fuente interna de verdad preserva decisiones, linaje, migraciones y límites sin resolver.",""
03_the_learned_identity_025,list,"03 · THE LEARNED IDENTITY","One source of truth","Una sola fuente de verdad",""
03_the_learned_identity_026,list,"03 · THE LEARNED IDENTITY","Historical lineage","Linaje histórico",""
03_the_learned_identity_027,list,"03 · THE LEARNED IDENTITY","Migration rules","Reglas de migración",""
03_the_learned_identity_028,list,"03 · THE LEARNED IDENTITY","Unresolved boundaries","Límites sin resolver",""
03_the_learned_identity_029,caption,"03 · THE LEARNED IDENTITY","INTERNAL · System of Record · Protected operating artifact","INTERNO · Sistema de Registro · Artefacto operativo protegido",""
03_the_learned_identity_030,label,"03 · THE LEARNED IDENTITY","External","Externo",""
03_the_learned_identity_031,heading,"03 · THE LEARNED IDENTITY","Public Brand System","Sistema de Marca Público",""
03_the_learned_identity_032,body,"03 · THE LEARNED IDENTITY","The public system translates that truth into voice, typography, imagery, illustration, and implementation guidance.","El sistema público traduce esa verdad en voz, tipografía, imagen, ilustración y guía de implementación.",""
03_the_learned_identity_033,list,"03 · THE LEARNED IDENTITY","Brand story","Historia de marca",""
03_the_learned_identity_034,list,"03 · THE LEARNED IDENTITY","Voice & principles","Voz y principios",""
03_the_learned_identity_035,list,"03 · THE LEARNED IDENTITY","Color & type","Color y tipografía",""
03_the_learned_identity_036,list,"03 · THE LEARNED IDENTITY","Photography & illustration","Fotografía e ilustración",""
03_the_learned_identity_037,caption,"03 · THE LEARNED IDENTITY","SHIPPED · criarsinculpas.com/brand · Warm Earth","PUBLICADO · criarsinculpas.com/brand · Warm Earth",""
03_the_learned_identity_alt_038,alt,"03 · THE LEARNED IDENTITY","Generation A specimen · Recognition and voice","Espécimen de la Generación A · Reconocimiento y voz","Image alt text · translate for accessibility"
03_the_learned_identity_alt_039,alt,"03 · THE LEARNED IDENTITY","Generation B specimen · Urgency and intervention","Espécimen de la Generación B · Urgencia e intervención","Image alt text · translate for accessibility"
03_the_learned_identity_alt_040,alt,"03 · THE LEARNED IDENTITY","Generation C specimen · Editorial structure","Espécimen de la Generación C · Estructura editorial","Image alt text · translate for accessibility"
03_the_learned_identity_alt_041,alt,"03 · THE LEARNED IDENTITY","Generation D specimen · Formalization and governance","Espécimen de la Generación D · Formalización y gobernanza","Image alt text · translate for accessibility"
03_the_learned_identity_alt_042,alt,"03 · THE LEARNED IDENTITY","Current canonical specimen · Governed System","Espécimen canónico actual · Sistema Gobernado","Image alt text · translate for accessibility"
03_the_learned_identity_alt_043,alt,"03 · THE LEARNED IDENTITY","Internal System of Record workspace for Criar Sin Culpas","Espacio de trabajo interno del Sistema de Registro de Criar Sin Culpas","Image alt text · translate for accessibility"
03_the_learned_identity_alt_044,alt,"03 · THE LEARNED IDENTITY","Current public Brand System palette on criarsinculpas.com/brand","Paleta actual del Sistema de Marca público en criarsinculpas.com/brand","Image alt text · translate for accessibility"
03_the_learned_identity_aria_045,aria,"03 · THE LEARNED IDENTITY","Brand evolution progression","Progresión de la evolución de marca","Screen-reader label"
03_the_learned_identity_aria_046,aria,"03 · THE LEARNED IDENTITY","Historical brand generations","Generaciones históricas de marca","Screen-reader label"
03_the_learned_identity_aria_047,aria,"03 · THE LEARNED IDENTITY","Generation A palette","Paleta de la Generación A","Screen-reader label"
03_the_learned_identity_aria_048,aria,"03 · THE LEARNED IDENTITY","Generation B palette","Paleta de la Generación B","Screen-reader label"
03_the_learned_identity_aria_049,aria,"03 · THE LEARNED IDENTITY","Generation C palette","Paleta de la Generación C","Screen-reader label"
03_the_learned_identity_aria_050,aria,"03 · THE LEARNED IDENTITY","Generation D palette","Paleta de la Generación D","Screen-reader label"
04_visual_support_infrastruc_001,label,"04 · VISUAL SUPPORT INFRASTRUCTURE","Visual support infrastructure","Infraestructura visual de apoyo",""
04_visual_support_infrastruc_002,heading,"04 · VISUAL SUPPORT INFRASTRUCTURE","Some moments are documented. / Others have to be interpreted.","Algunos momentos se documentan. / Otros hay que interpretarlos.",""
04_visual_support_infrastruc_003,lede,"04 · VISUAL SUPPORT INFRASTRUCTURE","Photography records lived reality. Illustration clarifies the emotional structure of a moment. Together, they help support feel human, recognizable, and usable.","La fotografía registra la realidad vivida. La ilustración clarifica la estructura emocional de un momento. Juntas, ayudan a que el apoyo se sienta humano, reconocible y utilizable.",""
04_visual_support_infrastruc_004,heading,"04 · VISUAL SUPPORT INFRASTRUCTURE","Photography","Fotografía",""
04_visual_support_infrastruc_005,body,"04 · VISUAL SUPPORT INFRASTRUCTURE","Records lived reality.","Registra la realidad vivida.",""
04_visual_support_infrastruc_006,body,"04 · VISUAL SUPPORT INFRASTRUCTURE","Documentary","Documental",""
04_visual_support_infrastruc_007,body,"04 · VISUAL SUPPORT INFRASTRUCTURE","Intimate","Íntima",""
04_visual_support_infrastruc_008,body,"04 · VISUAL SUPPORT INFRASTRUCTURE","Warm","Cálida",""
04_visual_support_infrastruc_009,body,"04 · VISUAL SUPPORT INFRASTRUCTURE","Human","Humana",""
04_visual_support_infrastruc_010,body,"04 · VISUAL SUPPORT INFRASTRUCTURE","Unposed","Sin posar",""
04_visual_support_infrastruc_011,body,"04 · VISUAL SUPPORT INFRASTRUCTURE","Natural light","Luz natural",""
04_visual_support_infrastruc_012,body,"04 · VISUAL SUPPORT INFRASTRUCTURE","Emotional honesty","Honestidad emocional",""
04_visual_support_infrastruc_013,body,"04 · VISUAL SUPPORT INFRASTRUCTURE","Documentary, not marketing · the moment support becomes possible, not the moment it succeeds.","Documental, no publicitaria · el momento en que el apoyo se vuelve posible, no el momento en que triunfa.",""
04_visual_support_infrastruc_014,heading,"04 · VISUAL SUPPORT INFRASTRUCTURE","Illustration","Ilustración",""
04_visual_support_infrastruc_015,body,"04 · VISUAL SUPPORT INFRASTRUCTURE","Clarifies the emotional structure of a moment.","Clarifica la estructura emocional de un momento.",""
04_visual_support_infrastruc_016,body,"04 · VISUAL SUPPORT INFRASTRUCTURE","Un solo dibujo, cuatro distancias.","Un solo dibujo, cuatro distancias.",""
04_visual_support_infrastruc_017,caption,"04 · VISUAL SUPPORT INFRASTRUCTURE","Cine","Cine",""
04_visual_support_infrastruc_018,caption,"04 · VISUAL SUPPORT INFRASTRUCTURE","Foto","Foto",""
04_visual_support_infrastruc_019,caption,"04 · VISUAL SUPPORT INFRASTRUCTURE","Pin","Pin",""
04_visual_support_infrastruc_020,caption,"04 · VISUAL SUPPORT INFRASTRUCTURE","Símbolo","Símbolo",""
04_visual_support_infrastruc_021,caption,"04 · VISUAL SUPPORT INFRASTRUCTURE","Heart","Corazón",""
04_visual_support_infrastruc_022,caption,"04 · VISUAL SUPPORT INFRASTRUCTURE","Brain","Cerebro",""
04_visual_support_infrastruc_023,caption,"04 · VISUAL SUPPORT INFRASTRUCTURE","SOS","SOS",""
04_visual_support_infrastruc_024,caption,"04 · VISUAL SUPPORT INFRASTRUCTURE","Pause","Pausa",""
04_visual_support_infrastruc_025,caption,"04 · VISUAL SUPPORT INFRASTRUCTURE","Prohibido","Prohibido",""
04_visual_support_infrastruc_027,caption,"04 · VISUAL SUPPORT INFRASTRUCTURE","Stethoscope","Estetoscopio",""
04_visual_support_infrastruc_028,lede,"04 · VISUAL SUPPORT INFRASTRUCTURE","El sistema no decora. Sostiene.","El sistema no decora. Sostiene.",""
04_visual_support_infrastruc_029,label,"04 · VISUAL SUPPORT INFRASTRUCTURE","Visual production library","Biblioteca de producción visual",""
04_visual_support_infrastruc_030,heading,"04 · VISUAL SUPPORT INFRASTRUCTURE","Eventually, even the imagery became a system.","Con el tiempo, hasta la imagen se volvió un sistema.",""
04_visual_support_infrastruc_031,lede,"04 · VISUAL SUPPORT INFRASTRUCTURE","Assets were named and organized with formats, tags, transformations, and production references. New publishing could begin from a shared visual language rather than from zero.","Los recursos se nombraron y organizaron con formatos, etiquetas, transformaciones y referencias de producción. Cada nueva publicación podía partir de un lenguaje visual compartido, no de cero.",""
04_visual_support_infrastruc_032,body,"04 · VISUAL SUPPORT INFRASTRUCTURE","Image","Imagen",""
04_visual_support_infrastruc_033,body,"04 · VISUAL SUPPORT INFRASTRUCTURE","Art direction","Dirección de arte",""
04_visual_support_infrastruc_034,body,"04 · VISUAL SUPPORT INFRASTRUCTURE","Visual language","Lenguaje visual",""
04_visual_support_infrastruc_035,body,"04 · VISUAL SUPPORT INFRASTRUCTURE","Production library","Biblioteca de producción",""
04_visual_support_infrastruc_036,caption,"04 · VISUAL SUPPORT INFRASTRUCTURE","Sleep doodle","Boceto de sueño",""
04_visual_support_infrastruc_037,caption,"04 · VISUAL SUPPORT INFRASTRUCTURE","Emociones","Emociones",""
04_visual_support_infrastruc_038,caption,"04 · VISUAL SUPPORT INFRASTRUCTURE","Desbordes","Desbordes",""
04_visual_support_infrastruc_039,caption,"04 · VISUAL SUPPORT INFRASTRUCTURE","Pantallas","Pantallas",""
04_visual_support_infrastruc_alt_040,alt,"04 · VISUAL SUPPORT INFRASTRUCTURE","Documentary portrait of Nari Gilberto","Retrato documental de Nari Gilberto","Image alt text · translate for accessibility"
04_visual_support_infrastruc_alt_041,alt,"04 · VISUAL SUPPORT INFRASTRUCTURE","Cine scale sleep illustration","Ilustración de sueño a escala Cine","Image alt text · translate for accessibility"
04_visual_support_infrastruc_alt_042,alt,"04 · VISUAL SUPPORT INFRASTRUCTURE","Foto scale sleep illustration","Ilustración de sueño a escala Foto","Image alt text · translate for accessibility"
04_visual_support_infrastruc_alt_043,alt,"04 · VISUAL SUPPORT INFRASTRUCTURE","Pin scale sleep illustration","Ilustración de sueño a escala Pin","Image alt text · translate for accessibility"
04_visual_support_infrastruc_alt_044,alt,"04 · VISUAL SUPPORT INFRASTRUCTURE","Símbolo open hand","Símbolo de mano abierta","Image alt text · translate for accessibility"
04_visual_support_infrastruc_alt_045,alt,"04 · VISUAL SUPPORT INFRASTRUCTURE","Heart symbol","Símbolo de corazón","Image alt text · translate for accessibility"
04_visual_support_infrastruc_alt_046,alt,"04 · VISUAL SUPPORT INFRASTRUCTURE","Brain symbol","Símbolo de cerebro","Image alt text · translate for accessibility"
04_visual_support_infrastruc_alt_047,alt,"04 · VISUAL SUPPORT INFRASTRUCTURE","SOS symbol","Símbolo de SOS","Image alt text · translate for accessibility"
04_visual_support_infrastruc_alt_048,alt,"04 · VISUAL SUPPORT INFRASTRUCTURE","Pause symbol","Símbolo de pausa","Image alt text · translate for accessibility"
04_visual_support_infrastruc_alt_049,alt,"04 · VISUAL SUPPORT INFRASTRUCTURE","Prohibido symbol","Símbolo de prohibido","Image alt text · translate for accessibility"
04_visual_support_infrastruc_alt_050,alt,"04 · VISUAL SUPPORT INFRASTRUCTURE","Pin symbol","Símbolo de pin","Image alt text · translate for accessibility"
04_visual_support_infrastruc_alt_051,alt,"04 · VISUAL SUPPORT INFRASTRUCTURE","Stethoscope symbol","Símbolo de estetoscopio","Image alt text · translate for accessibility"
04_visual_support_infrastruc_alt_052,alt,"04 · VISUAL SUPPORT INFRASTRUCTURE","Sleep doodle crop","Recorte del boceto de sueño","Image alt text · translate for accessibility"
04_visual_support_infrastruc_alt_053,alt,"04 · VISUAL SUPPORT INFRASTRUCTURE","Emotions doodle crop","Recorte del boceto de emociones","Image alt text · translate for accessibility"
04_visual_support_infrastruc_alt_054,alt,"04 · VISUAL SUPPORT INFRASTRUCTURE","Meltdowns doodle crop","Recorte del boceto de desbordes","Image alt text · translate for accessibility"
04_visual_support_infrastruc_alt_055,alt,"04 · VISUAL SUPPORT INFRASTRUCTURE","Screens doodle crop","Recorte del boceto de pantallas","Image alt text · translate for accessibility"
04_visual_support_infrastruc_aria_056,aria,"04 · VISUAL SUPPORT INFRASTRUCTURE","Illustration distance ladder","Escala de distancias de la ilustración","Screen-reader label"
04_visual_support_infrastruc_aria_057,aria,"04 · VISUAL SUPPORT INFRASTRUCTURE","Symbol set","Set de símbolos","Screen-reader label"
04_visual_support_infrastruc_aria_058,aria,"04 · VISUAL SUPPORT INFRASTRUCTURE","Symbol set extension","Extensión del set de símbolos","Screen-reader label"
04_visual_support_infrastruc_aria_059,aria,"04 · VISUAL SUPPORT INFRASTRUCTURE","Imagery progression","Progresión de la imagen","Screen-reader label"
04_visual_support_infrastruc_aria_060,aria,"04 · VISUAL SUPPORT INFRASTRUCTURE","Production library fragments","Fragmentos de la biblioteca de producción","Screen-reader label"
05_designing_for_the_moment_001,label,"05 · DESIGNING FOR THE MOMENT","Designing for the moment","Diseñando para el momento",""
05_designing_for_the_moment_002,heading,"05 · DESIGNING FOR THE MOMENT","Parents were not arriving to browse. / They were arriving in need.","Las familias no llegaban a explorar. / Llegaban con una necesidad.",""
05_designing_for_the_moment_003,lede,"05 · DESIGNING FOR THE MOMENT","They were exhausted, emotionally activated, and often using one hand while caring for a child. That changed hierarchy, writing, navigation, protocol length, illustration, and the choices offered next.","Estaban exhaustas, emocionalmente activadas y muchas veces usando una sola mano mientras cuidaban a un hijo. Eso cambió la jerarquía, la redacción, la navegación, la extensión de los protocolos, la ilustración y las opciones que se ofrecían después.",""
05_designing_for_the_moment_004,label,"05 · DESIGNING FOR THE MOMENT","What the moment demanded","Lo que el momento exigía",""
05_designing_for_the_moment_005,body,"05 · DESIGNING FOR THE MOMENT","Exhausted","Exhaustas",""
05_designing_for_the_moment_006,body,"05 · DESIGNING FOR THE MOMENT","Scanning","Escaneando",""
05_designing_for_the_moment_007,body,"05 · DESIGNING FOR THE MOMENT","Holding a child","Cargando a un hijo",""
05_designing_for_the_moment_008,body,"05 · DESIGNING FOR THE MOMENT","Emotionally activated","Emocionalmente activadas",""
05_designing_for_the_moment_009,body,"05 · DESIGNING FOR THE MOMENT","Looking for one useful sentence","Buscando una sola frase útil",""
05_designing_for_the_moment_010,label,"05 · DESIGNING FOR THE MOMENT","What the experience changed","Lo que la experiencia cambió",""
05_designing_for_the_moment_011,list,"05 · DESIGNING FOR THE MOMENT","Stronger hierarchy","Jerarquía más fuerte",""
05_designing_for_the_moment_012,list,"05 · DESIGNING FOR THE MOMENT","Shorter intervention paths","Rutas de intervención más cortas",""
05_designing_for_the_moment_013,list,"05 · DESIGNING FOR THE MOMENT","Scannability","Facilidad de escaneo",""
05_designing_for_the_moment_014,list,"05 · DESIGNING FOR THE MOMENT","Protocols","Protocolos",""
05_designing_for_the_moment_015,list,"05 · DESIGNING FOR THE MOMENT","Navigation","Navegación",""
05_designing_for_the_moment_016,list,"05 · DESIGNING FOR THE MOMENT","Writing","Redacción",""
05_designing_for_the_moment_017,list,"05 · DESIGNING FOR THE MOMENT","Illustration","Ilustración",""
05_designing_for_the_moment_018,list,"05 · DESIGNING FOR THE MOMENT","Support-choice architecture","Arquitectura de elección de apoyo",""
05_designing_for_the_moment_019,heading,"05 · DESIGNING FOR THE MOMENT","Scannability is a form of care.","La facilidad de escaneo es una forma de cuidado.",""
05_designing_for_the_moment_020,body,"05 · DESIGNING FOR THE MOMENT","LIVED USE Short sections, strong visual anchors, and immediate next steps reduced the amount a parent had to interpret while already overwhelmed.","USO VIVIDO Secciones cortas, anclas visuales fuertes y próximos pasos inmediatos redujeron lo que una madre o un padre tenía que interpretar mientras ya estaba desbordado.",""
05_designing_for_the_moment_alt_021,alt,"05 · DESIGNING FOR THE MOMENT","StrategyIQ protocol world with a glowing central Meltdowns card, secondary protocol cards, and open space for live copy","Mundo de protocolos de StrategyIQ con una tarjeta central iluminada de Desbordes, tarjetas de protocolo secundarias y espacio abierto para copy en vivo","Image alt text · translate for accessibility"
05_designing_for_the_moment_alt_022,alt,"05 · DESIGNING FOR THE MOMENT","Parent using the Criar Sin Culpas Desbordes protocol on a phone while holding a child's toy, with annotations showing why the experience works under pressure","Madre o padre usando el protocolo Desbordes de Criar Sin Culpas en el teléfono mientras sostiene el juguete de un hijo, con anotaciones que muestran por qué la experiencia funciona bajo presión","Image alt text · translate for accessibility"
05_designing_for_the_moment_aria_023,aria,"05 · DESIGNING FOR THE MOMENT","Parent conditions","Condiciones de las familias","Screen-reader label"
05_designing_for_the_moment_aria_024,aria,"05 · DESIGNING FOR THE MOMENT","Design implications","Implicaciones de diseño","Screen-reader label"
06_from_protocol_to_product__001,label,"06 · FROM PROTOCOL TO PRODUCT SIGNAL","From protocol to product signal","Del protocolo a la señal de producto",""
06_from_protocol_to_product__002,heading,"06 · FROM PROTOCOL TO PRODUCT SIGNAL","Each protocol supported the moment. / Each use taught us what came next.","Cada protocolo sostenía el momento. / Cada uso nos enseñaba lo que seguía.",""
06_from_protocol_to_product__003,lede,"06 · FROM PROTOCOL TO PRODUCT SIGNAL","Protocols were both interventions and product tests. They showed what parents reached for first, what language helped, and where immediate relief needed to become continued support.","Los protocolos fueron a la vez intervenciones y pruebas de producto. Mostraron qué buscaban primero las familias, qué lenguaje ayudaba y dónde el alivio inmediato necesitaba convertirse en apoyo continuo.",""
06_from_protocol_to_product__004,label,"06 · FROM PROTOCOL TO PRODUCT SIGNAL","Evidence / Product signal","Evidencia / Señal de producto",""
06_from_protocol_to_product__005,heading,"06 · FROM PROTOCOL TO PRODUCT SIGNAL","The strongest value was not more content. It was practical relief, navigable language, and continuity.","El valor más fuerte no fue más contenido. Fue alivio práctico, lenguaje navegable y continuidad.",""
06_from_protocol_to_product__006,body,"06 · FROM PROTOCOL TO PRODUCT SIGNAL","Use → Observe → Learn → Change","Usar → Observar → Aprender → Cambiar",""
06_from_protocol_to_product__007,caption,"06 · FROM PROTOCOL TO PRODUCT SIGNAL","EVIDENCE Testing plan · Free support experience → signals → deeper structured offer","EVIDENCIA Plan de prueba · Experiencia de apoyo gratuita → señales → oferta estructurada más profunda",""
06_from_protocol_to_product__008,label,"06 · FROM PROTOCOL TO PRODUCT SIGNAL","Decision","Decisión",""
06_from_protocol_to_product__009,heading,"06 · FROM PROTOCOL TO PRODUCT SIGNAL","Build a support ecosystem, not a content library.","Construir un entramado de apoyo, no una biblioteca de contenido.",""
06_from_protocol_to_product__010,body,"06 · FROM PROTOCOL TO PRODUCT SIGNAL","Free protocols handle the moment. Deeper programs build capacity before the next one.","Los protocolos gratuitos atienden el momento. Los programas más profundos construyen capacidad antes del siguiente.",""
06_from_protocol_to_product__011,body,"06 · FROM PROTOCOL TO PRODUCT SIGNAL","Free support → Evidence → Deeper support → New signals","Apoyo gratuito → Evidencia → Apoyo más profundo → Nuevas señales",""
06_from_protocol_to_product__alt_012,alt,"06 · FROM PROTOCOL TO PRODUCT SIGNAL","Testing plan artifact: from protocol to product signal, distinguishing the Pantallas and Desbordes experience test from the Agresión, Ansiedad, and Límites premium cohort, ending in a support-ecosystem decision.","Artefacto del plan de prueba: del protocolo a la señal de producto, distinguiendo la prueba de experiencia de Pantallas y Desbordes de la cohorte premium de Agresión, Ansiedad y Límites, terminando en una decisión de entramado de apoyo.","Image alt text · translate for accessibility"
06_from_protocol_to_product__aria_013,aria,"06 · FROM PROTOCOL TO PRODUCT SIGNAL","From use to product change","Del uso al cambio de producto","Screen-reader label"
06_from_protocol_to_product__aria_014,aria,"06 · FROM PROTOCOL TO PRODUCT SIGNAL","Decision","Decisión","Screen-reader label"
07_from_circulation_to_owned_001,label,"07 · FROM CIRCULATION TO OWNED SUPPORT","From circulation to owned support","De la circulación al apoyo propio",""
07_from_circulation_to_owned_002,heading,"07 · FROM CIRCULATION TO OWNED SUPPORT","The feed surfaced the need. / The owned experience had to hold it.","El feed sacó a la superficie la necesidad. / La experiencia propia tenía que sostenerla.",""
07_from_circulation_to_owned_003,lede,"07 · FROM CIRCULATION TO OWNED SUPPORT","Social publishing exposed recurring questions and language in real time. The site gave those signals somewhere more durable to land: immediate protocols, deeper learning, and a path toward continued support.","La publicación en redes sociales expuso preguntas y lenguaje recurrentes en tiempo real. El sitio le dio a esas señales un lugar más duradero donde aterrizar: protocolos inmediatos, aprendizaje más profundo y un camino hacia el apoyo continuo.",""
07_from_circulation_to_owned_004,heading,"07 · FROM CIRCULATION TO OWNED SUPPORT","A · Listen","A · Escuchar",""
07_from_circulation_to_owned_005,caption,"07 · FROM CIRCULATION TO OWNED SUPPORT","SYSTEM IN THE MOMENT Real social moment → structured support on the phone","SISTEMA EN EL MOMENTO Momento social real → apoyo estructurado en el teléfono",""
07_from_circulation_to_owned_006,caption,"07 · FROM CIRCULATION TO OWNED SUPPORT","DOCUMENTARY + LIVE PRACTICE Cadence in practice · Recurring Reels and audience questions","DOCUMENTAL + PRÁCTICA EN VIVO Cadencia en práctica · Reels recurrentes y preguntas de la audiencia",""
07_from_circulation_to_owned_007,list,"07 · FROM CIRCULATION TO OWNED SUPPORT","Cadence Publishing cadence designed around recurring Reels and audience questions","Cadencia Cadencia de publicación diseñada alrededor de Reels recurrentes y preguntas de la audiencia",""
07_from_circulation_to_owned_008,list,"07 · FROM CIRCULATION TO OWNED SUPPORT","Questions Editorial input","Preguntas Insumo editorial",""
07_from_circulation_to_owned_009,list,"07 · FROM CIRCULATION TO OWNED SUPPORT","Responses Support in circulation","Respuestas Apoyo en circulación",""
07_from_circulation_to_owned_010,list,"07 · FROM CIRCULATION TO OWNED SUPPORT","Signal What to deepen next","Señal Qué profundizar después",""
07_from_circulation_to_owned_011,heading,"07 · FROM CIRCULATION TO OWNED SUPPORT","B · Owned layers","B · Capas propias",""
07_from_circulation_to_owned_012,lede,"07 · FROM CIRCULATION TO OWNED SUPPORT","Need and experience, held on owned surfaces.","Necesidad y experiencia, sostenidas en superficies propias.",""
07_from_circulation_to_owned_013,body,"07 · FROM CIRCULATION TO OWNED SUPPORT","IN THE MOMENT","EN EL MOMENTO",""
07_from_circulation_to_owned_014,heading,"07 · FROM CIRCULATION TO OWNED SUPPORT","Immediate support","Apoyo inmediato",""
07_from_circulation_to_owned_015,body,"07 · FROM CIRCULATION TO OWNED SUPPORT","Protocols offer a useful next step when capacity is low.","Los protocolos ofrecen un próximo paso útil cuando la capacidad está baja.",""
07_from_circulation_to_owned_016,body,"07 · FROM CIRCULATION TO OWNED SUPPORT","Need Urgent","Necesidad Urgente",""
07_from_circulation_to_owned_017,body,"07 · FROM CIRCULATION TO OWNED SUPPORT","Four public protocols shipped: Pantallas, Desbordes, Sueño, and Hermanos","Cuatro protocolos públicos publicados: Pantallas, Desbordes, Sueño y Hermanos",""
07_from_circulation_to_owned_018,caption,"07 · FROM CIRCULATION TO OWNED SUPPORT","SHIPPED Protocol · Intervention for low available attention","PUBLICADO Protocolo · Intervención para atención disponible baja",""
07_from_circulation_to_owned_019,body,"07 · FROM CIRCULATION TO OWNED SUPPORT","Act now → Understand next","Actuar ahora → Entender después",""
07_from_circulation_to_owned_020,caption,"07 · FROM CIRCULATION TO OWNED SUPPORT","SHIPPED Aprende · Editorial depth on owned surfaces","PUBLICADO Aprende · Profundidad editorial en superficies propias",""
07_from_circulation_to_owned_021,body,"07 · FROM CIRCULATION TO OWNED SUPPORT","BETWEEN MOMENTS","ENTRE MOMENTOS",""
07_from_circulation_to_owned_022,heading,"07 · FROM CIRCULATION TO OWNED SUPPORT","Learning","Aprendizaje",""
07_from_circulation_to_owned_023,body,"07 · FROM CIRCULATION TO OWNED SUPPORT","Editorial guidance helps parents understand what happened and prepare for what comes next.","La guía editorial ayuda a las familias a entender lo que pasó y prepararse para lo que sigue.",""
07_from_circulation_to_owned_024,body,"07 · FROM CIRCULATION TO OWNED SUPPORT","Experience Understanding","Experiencia Comprensión",""
07_from_circulation_to_owned_025,body,"07 · FROM CIRCULATION TO OWNED SUPPORT","Aprende · Editorial content · Method","Aprende · Contenido editorial · Método",""
07_from_circulation_to_owned_026,body,"07 · FROM CIRCULATION TO OWNED SUPPORT","OVER TIME","CON EL TIEMPO",""
07_from_circulation_to_owned_027,heading,"07 · FROM CIRCULATION TO OWNED SUPPORT","Deeper support","Apoyo más profundo",""
07_from_circulation_to_owned_028,body,"07 · FROM CIRCULATION TO OWNED SUPPORT","Deeper support creates continuity for needs that cannot be solved by an article or protocol alone.","El apoyo más profundo crea continuidad para necesidades que un artículo o un protocolo por sí solos no pueden resolver.",""
07_from_circulation_to_owned_029,body,"07 · FROM CIRCULATION TO OWNED SUPPORT","Agresión · Ansiedad · Límites","Agresión · Ansiedad · Límites",""
07_from_circulation_to_owned_030,body,"07 · FROM CIRCULATION TO OWNED SUPPORT","Next layer · Structured support · not yet shipped","Siguiente capa · Apoyo estructurado · aún no publicado",""
07_from_circulation_to_owned_031,heading,"07 · FROM CIRCULATION TO OWNED SUPPORT","C · Pathway","C · Ruta",""
07_from_circulation_to_owned_032,lede,"07 · FROM CIRCULATION TO OWNED SUPPORT","REAL QUESTION → PUBLISHED RESPONSE → SIGNAL → OWNED SUPPORT → PRODUCT LEARNING","PREGUNTA REAL → RESPUESTA PUBLICADA → SEÑAL → APOYO PROPIO → APRENDIZAJE DE PRODUCTO",""
07_from_circulation_to_owned_alt_033,alt,"07 · FROM CIRCULATION TO OWNED SUPPORT","Real parent moment beside a structured Criar Sin Culpas support experience: immediate guidance, escalation ladder, and share or continue paths","Momento real de una madre o un padre junto a una experiencia de apoyo estructurada de Criar Sin Culpas: guía inmediata, escalera de escalada y rutas para compartir o continuar","Image alt text · translate for accessibility"
07_from_circulation_to_owned_alt_034,alt,"07 · FROM CIRCULATION TO OWNED SUPPORT","Documentary collage of Nari recording a Criar Sin Culpas Reel during the photoshoot, alongside real published Instagram posts and Reels from the live account","Collage documental de Nari grabando un Reel de Criar Sin Culpas durante la sesión de fotos, junto a publicaciones y Reels reales de la cuenta de Instagram en vivo","Image alt text · translate for accessibility"
07_from_circulation_to_owned_alt_035,alt,"07 · FROM CIRCULATION TO OWNED SUPPORT","Criar Sin Culpas immediate-support protocol system showing a mobile Desbordes guide, intervention stages, and three-step support path.","Sistema de protocolo de apoyo inmediato de Criar Sin Culpas, mostrando una guía móvil de Desbordes, etapas de intervención y una ruta de apoyo de tres pasos.","Image alt text · translate for accessibility"
07_from_circulation_to_owned_alt_036,alt,"07 · FROM CIRCULATION TO OWNED SUPPORT","Criar Sin Culpas Learn article on owned surfaces · longer-form guidance when more attention is available","Artículo de Aprende de Criar Sin Culpas en superficies propias · guía más extensa cuando hay más atención disponible","Image alt text · translate for accessibility"
07_from_circulation_to_owned_aria_037,aria,"07 · FROM CIRCULATION TO OWNED SUPPORT","Listen signals","Señales de escucha","Screen-reader label"
07_from_circulation_to_owned_aria_038,aria,"07 · FROM CIRCULATION TO OWNED SUPPORT","From question to product learning","De la pregunta al aprendizaje de producto","Screen-reader label"
08_behind_the_screen_001,label,"08 · BEHIND THE SCREEN","Behind the screen","Detrás de la pantalla",""
08_behind_the_screen_002,heading,"08 · BEHIND THE SCREEN","The public experience was only one layer.","La experiencia pública era solo una capa.",""
08_behind_the_screen_003,lede,"08 · BEHIND THE SCREEN","Behind it, the practice gained the rhythms, responsibilities, production paths, workspaces, access systems, and measurement needed to keep the work moving.","Detrás de ella, la práctica ganó los ritmos, responsabilidades, rutas de producción, espacios de trabajo, sistemas de acceso y medición necesarios para mantener el trabajo en movimiento.",""
08_behind_the_screen_004,heading,"08 · BEHIND THE SCREEN","Operating system","Sistema operativo",""
08_behind_the_screen_005,body,"08 · BEHIND THE SCREEN","How the practice stays coherent over time.","Cómo la práctica se mantiene coherente en el tiempo.",""
08_behind_the_screen_006,label,"08 · BEHIND THE SCREEN","OPERATING","OPERACIÓN",""
08_behind_the_screen_007,heading,"08 · BEHIND THE SCREEN","Rhythm","Ritmo",""
08_behind_the_screen_008,body,"08 · BEHIND THE SCREEN","A recurring rhythm connected planning, publishing, review, and the next editorial decision.","Un ritmo recurrente conectó la planificación, la publicación, la revisión y la siguiente decisión editorial.",""
08_behind_the_screen_009,label,"08 · BEHIND THE SCREEN","SYSTEM","SISTEMA",""
08_behind_the_screen_010,heading,"08 · BEHIND THE SCREEN","Governance","Gobernanza",""
08_behind_the_screen_011,body,"08 · BEHIND THE SCREEN","Decisions, responsibilities, and system rules gained clear ownership.","Las decisiones, responsabilidades y reglas del sistema ganaron propiedad clara.",""
08_behind_the_screen_013,heading,"08 · BEHIND THE SCREEN","Measurement","Medición",""
08_behind_the_screen_014,body,"08 · BEHIND THE SCREEN","Protocols were structured to capture use signals such as views, time on page, and share actions, allowing future product decisions to follow behavior rather than assumptions.","Los protocolos se estructuraron para capturar señales de uso como vistas, tiempo en página y acciones de compartir, permitiendo que las futuras decisiones de producto siguieran el comportamiento y no las suposiciones.",""
08_behind_the_screen_015,heading,"08 · BEHIND THE SCREEN","Enabling infrastructure","Infraestructura habilitante",""
08_behind_the_screen_016,body,"08 · BEHIND THE SCREEN","The surfaces that make that practice runnable.","Las superficies que hacen esa práctica operable.",""
08_behind_the_screen_018,heading,"08 · BEHIND THE SCREEN","Production","Producción",""
08_behind_the_screen_019,body,"08 · BEHIND THE SCREEN","Work gained a defined path from signal to shipped support.","El trabajo ganó una ruta definida, de la señal al apoyo publicado.",""
08_behind_the_screen_021,heading,"08 · BEHIND THE SCREEN","Client workspace","Espacio de trabajo del cliente",""
08_behind_the_screen_022,body,"08 · BEHIND THE SCREEN","Context, priorities, and active decisions moved into one continuous environment.","El contexto, las prioridades y las decisiones activas se trasladaron a un solo entorno continuo.",""
08_behind_the_screen_024,heading,"08 · BEHIND THE SCREEN","Protected access","Acceso protegido",""
08_behind_the_screen_025,body,"08 · BEHIND THE SCREEN","The architecture could support continuity beyond public content.","La arquitectura podía sostener continuidad más allá del contenido público.",""
08_behind_the_screen_alt_026,alt,"08 · BEHIND THE SCREEN","Operating rhythm and publishing cadence behind the public surface","Ritmo operativo y cadencia de publicación detrás de la superficie pública","Image alt text · translate for accessibility"
08_behind_the_screen_alt_027,alt,"08 · BEHIND THE SCREEN","Ownership and governance · inputs, shared governance, and ownership across Nari and LG Studio","Propiedad y gobernanza · insumos, gobernanza compartida y propiedad entre Nari y LG Studio","Image alt text · translate for accessibility"
08_behind_the_screen_alt_028,alt,"08 · BEHIND THE SCREEN","Measurement model · signal capture, pattern reporting, interpretation, and the next editorial move","Modelo de medición · captura de señal, reporte de patrones, interpretación y el siguiente movimiento editorial","Image alt text · translate for accessibility"
08_behind_the_screen_alt_029,alt,"08 · BEHIND THE SCREEN","Production · three-phase journey from diagnóstico to arquitectura to activación","Producción · recorrido de tres fases, de diagnóstico a arquitectura a activación","Image alt text · translate for accessibility"
08_behind_the_screen_alt_030,alt,"08 · BEHIND THE SCREEN","Client workspace · context, decisions, priorities, history, and active work in one operating surface","Espacio de trabajo del cliente · contexto, decisiones, prioridades, historial y trabajo activo en una sola superficie operativa","Image alt text · translate for accessibility"
08_behind_the_screen_alt_031,alt,"08 · BEHIND THE SCREEN","Protected access · StrategyIQ secure portal into client workspaces and operating infrastructure","Acceso protegido · portal seguro de StrategyIQ hacia los espacios de trabajo del cliente y la infraestructura operativa","Image alt text · translate for accessibility"
09_from_support_to_product_001,label,"09 · FROM SUPPORT TO PRODUCT","From support to product","Del apoyo al producto",""
09_from_support_to_product_002,heading,"09 · FROM SUPPORT TO PRODUCT","Support needed more than content. / It needed a path into continued care.","El apoyo necesitaba más que contenido. / Necesitaba un camino hacia el cuidado continuo.",""
09_from_support_to_product_003,lede,"09 · FROM SUPPORT TO PRODUCT","The product architecture connects free public resources, a calmer learning environment, targeted access, and membership. The value is not premium content for its own sake. It is navigation, preparation, and continuity.","La arquitectura de producto conecta recursos públicos gratuitos, un entorno de aprendizaje más calmado, acceso dirigido y membresía. El valor no es contenido premium por sí mismo. Es navegación, preparación y continuidad.",""
09_from_support_to_product_004,label,"09 · FROM SUPPORT TO PRODUCT","Public resources","Recursos públicos",""
09_from_support_to_product_005,body,"09 · FROM SUPPORT TO PRODUCT","Free and genuinely useful.","Gratuitos y genuinamente útiles.",""
09_from_support_to_product_006,label,"09 · FROM SUPPORT TO PRODUCT","El Estudio","El Estudio",""
09_from_support_to_product_007,body,"09 · FROM SUPPORT TO PRODUCT","A calmer, more continuous support environment.","Un entorno de apoyo más calmado y continuo.",""
09_from_support_to_product_008,label,"09 · FROM SUPPORT TO PRODUCT","Access architecture","Arquitectura de acceso",""
09_from_support_to_product_009,body,"09 · FROM SUPPORT TO PRODUCT","Access Pass · targeted / one-time · Membership · continuous support","Access Pass · dirigido / de un solo uso · Membresía · apoyo continuo",""
09_from_support_to_product_010,body,"09 · FROM SUPPORT TO PRODUCT","Understand what is happening","Entender qué está pasando",""
09_from_support_to_product_011,body,"09 · FROM SUPPORT TO PRODUCT","Decide what matters now","Decidir qué importa ahora",""
09_from_support_to_product_012,body,"09 · FROM SUPPORT TO PRODUCT","Take one useful next step","Dar un próximo paso útil",""
09_from_support_to_product_013,label,"09 · FROM SUPPORT TO PRODUCT","Architecture → Infrastructure","Arquitectura → Infraestructura",""
09_from_support_to_product_014,label,"09 · FROM SUPPORT TO PRODUCT","ARCHITECTED Product architecture · Access layers made legible","ARQUITECTADO Arquitectura de producto · Capas de acceso hechas legibles",""
09_from_support_to_product_015,label,"09 · FROM SUPPORT TO PRODUCT","IMPLEMENTING Access infrastructure · Authentication and protected continuity","EN IMPLEMENTACIÓN Infraestructura de acceso · Autenticación y continuidad protegida",""
09_from_support_to_product_016,label,"09 · FROM SUPPORT TO PRODUCT","Member environment · In implementation","Entorno de miembros · En implementación",""
09_from_support_to_product_017,body,"09 · FROM SUPPORT TO PRODUCT","El Estudio taking form","El Estudio tomando forma",""
09_from_support_to_product_018,label,"09 · FROM SUPPORT TO PRODUCT","IMPLEMENTING El Estudio · Access → Member environment → Learning experience","EN IMPLEMENTACIÓN El Estudio · Acceso → Entorno de miembros → Experiencia de aprendizaje",""
09_from_support_to_product_019,label,"09 · FROM SUPPORT TO PRODUCT","Current state","Estado actual",""
09_from_support_to_product_020,label,"09 · FROM SUPPORT TO PRODUCT","SHIPPED","PUBLICADO",""
09_from_support_to_product_021,heading,"09 · FROM SUPPORT TO PRODUCT","Shipped","Publicado",""
09_from_support_to_product_022,list,"09 · FROM SUPPORT TO PRODUCT","Public bilingual platform","Plataforma pública bilingüe",""
09_from_support_to_product_023,list,"09 · FROM SUPPORT TO PRODUCT","Four public protocols: Pantallas, Desbordes, Sueño, and Hermanos","Cuatro protocolos públicos: Pantallas, Desbordes, Sueño y Hermanos",""
09_from_support_to_product_024,list,"09 · FROM SUPPORT TO PRODUCT","Editorial surface","Superficie editorial",""
09_from_support_to_product_025,list,"09 · FROM SUPPORT TO PRODUCT","Visual and illustration systems","Sistemas visuales y de ilustración",""
09_from_support_to_product_026,list,"09 · FROM SUPPORT TO PRODUCT","Analytics instrumentation for the protocol experience","Instrumentación analítica para la experiencia de protocolo",""
09_from_support_to_product_027,label,"09 · FROM SUPPORT TO PRODUCT","ARCHITECTED","ARQUITECTADO",""
09_from_support_to_product_028,heading,"09 · FROM SUPPORT TO PRODUCT","Architected","Arquitectado",""
09_from_support_to_product_029,list,"09 · FROM SUPPORT TO PRODUCT","El Estudio product model","Modelo de producto de El Estudio",""
09_from_support_to_product_030,list,"09 · FROM SUPPORT TO PRODUCT","Access and permissions","Acceso y permisos",""
09_from_support_to_product_031,list,"09 · FROM SUPPORT TO PRODUCT","Membership and monetization model","Modelo de membresía y monetización",""
09_from_support_to_product_032,list,"09 · FROM SUPPORT TO PRODUCT","Measurement model","Modelo de medición",""
09_from_support_to_product_033,label,"09 · FROM SUPPORT TO PRODUCT","IMPLEMENTING","EN IMPLEMENTACIÓN",""
09_from_support_to_product_034,heading,"09 · FROM SUPPORT TO PRODUCT","Implementing","En implementación",""
09_from_support_to_product_035,list,"09 · FROM SUPPORT TO PRODUCT","Authentication and payments","Autenticación y pagos",""
09_from_support_to_product_036,list,"09 · FROM SUPPORT TO PRODUCT","Protected experience","Experiencia protegida",""
09_from_support_to_product_037,list,"09 · FROM SUPPORT TO PRODUCT","Member infrastructure","Infraestructura de miembros",""
09_from_support_to_product_038,label,"09 · FROM SUPPORT TO PRODUCT","STILL TO VALIDATE","AÚN POR VALIDAR",""
09_from_support_to_product_039,heading,"09 · FROM SUPPORT TO PRODUCT","Still to validate","Aún por validar",""
09_from_support_to_product_040,list,"09 · FROM SUPPORT TO PRODUCT","Conversion and activation","Conversión y activación",""
09_from_support_to_product_041,list,"09 · FROM SUPPORT TO PRODUCT","Adoption and retention","Adopción y retención",""
09_from_support_to_product_042,list,"09 · FROM SUPPORT TO PRODUCT","Pricing","Precio",""
09_from_support_to_product_043,list,"09 · FROM SUPPORT TO PRODUCT","Commercial performance","Desempeño comercial",""
09_from_support_to_product_044,heading,"09 · FROM SUPPORT TO PRODUCT","The architecture is defined. / The infrastructure is catching up.","La arquitectura está definida. / La infraestructura la está alcanzando.",""
09_from_support_to_product_045,body,"09 · FROM SUPPORT TO PRODUCT","What remains is implementation, adoption, and proof.","Lo que queda es implementación, adopción y evidencia.",""
09_from_support_to_product_046,body,"09 · FROM SUPPORT TO PRODUCT","Shipped → Architected → Implementing → Validating","Publicado → Arquitectado → En implementación → Validando",""
09_from_support_to_product_alt_047,alt,"09 · FROM SUPPORT TO PRODUCT","Product architecture diagram showing public resources, El Estudio, and access layers as a designed support system","Diagrama de arquitectura de producto mostrando recursos públicos, El Estudio y capas de acceso como un sistema de apoyo diseñado","Image alt text · translate for accessibility"
09_from_support_to_product_alt_048,alt,"09 · FROM SUPPORT TO PRODUCT","Protected access and account infrastructure · identity, client, and workspace layers for continuing the work","Acceso protegido e infraestructura de cuenta · capas de identidad, cliente y espacio de trabajo para continuar el trabajo","Image alt text · translate for accessibility"
09_from_support_to_product_alt_049,alt,"09 · FROM SUPPORT TO PRODUCT","El Estudio member environment in implementation · Access, El Estudio, and architecture as one composition taking form","Entorno de miembros de El Estudio en implementación · Acceso, El Estudio y arquitectura como una sola composición tomando forma","Image alt text · translate for accessibility"
09_from_support_to_product_aria_050,aria,"09 · FROM SUPPORT TO PRODUCT","Three-layer product model","Modelo de producto de tres capas","Screen-reader label"
09_from_support_to_product_aria_051,aria,"09 · FROM SUPPORT TO PRODUCT","Experience principle","Principio de experiencia","Screen-reader label"
10_what_actually_changed_001,label,"10 · WHAT ACTUALLY CHANGED","What actually changed","Lo que realmente cambió",""
10_what_actually_changed_002,heading,"10 · WHAT ACTUALLY CHANGED","What actually changed","Lo que realmente cambió",""
10_what_actually_changed_003,lede,"10 · WHAT ACTUALLY CHANGED","This is a living practice, not a finished portfolio artifact. Some capabilities are operating now. Others are architected, implementing, or still waiting to be validated.","Esta es una práctica viva, no un artefacto de portafolio terminado. Algunas capacidades ya están operando. Otras están arquitectadas, en implementación, o aún esperando validarse.",""
10_what_actually_changed_004,label,"10 · WHAT ACTUALLY CHANGED","Evidence of material change","Evidencia de cambio material",""
10_what_actually_changed_005,label,"10 · WHAT ACTUALLY CHANGED","Existing condition","Condición existente",""
10_what_actually_changed_006,body,"10 · WHAT ACTUALLY CHANGED","~30K","~30K",""
10_what_actually_changed_007,body,"10 · WHAT ACTUALLY CHANGED","Instagram followers already existed before the owned system.","Seguidores en Instagram que ya existían antes del sistema propio.",""
10_what_actually_changed_008,body,"10 · WHAT ACTUALLY CHANGED","Approximate starting audience documented in engagement materials.","Audiencia inicial aproximada, documentada en los materiales de levantamiento.",""
10_what_actually_changed_009,label,"10 · WHAT ACTUALLY CHANGED","Shipped support","Apoyo publicado",""
10_what_actually_changed_010,body,"10 · WHAT ACTUALLY CHANGED","Bilingual protocols launched on the owned platform.","Protocolos bilingües lanzados en la plataforma propia.",""
10_what_actually_changed_011,body,"10 · WHAT ACTUALLY CHANGED","Pantallas · Desbordes · Sueño · Hermanos","Pantallas · Desbordes · Sueño · Hermanos",""
10_what_actually_changed_012,label,"10 · WHAT ACTUALLY CHANGED","Owned experience","Experiencia propia",""
10_what_actually_changed_013,body,"10 · WHAT ACTUALLY CHANGED","Public + bilingual","Pública + bilingüe",""
10_what_actually_changed_014,body,"10 · WHAT ACTUALLY CHANGED","Support moved beyond social publishing into owned protocols, editorial guidance, and reusable pathways.","El apoyo pasó de la publicación en redes sociales a protocolos propios, guía editorial y rutas reutilizables.",""
10_what_actually_changed_015,label,"10 · WHAT ACTUALLY CHANGED","Operating practice","Práctica operativa",""
10_what_actually_changed_016,body,"10 · WHAT ACTUALLY CHANGED","Defined system","Sistema definido",""
10_what_actually_changed_017,body,"10 · WHAT ACTUALLY CHANGED","Rhythm, governance, measurement, and production now connect signals to shipped support.","Ritmo, gobernanza, medición y producción ahora conectan las señales con el apoyo publicado.",""
10_what_actually_changed_018,body,"10 · WHAT ACTUALLY CHANGED","VOICE","VOZ",""
10_what_actually_changed_019,body,"10 · WHAT ACTUALLY CHANGED","Individual expression","Expresión individual",""
10_what_actually_changed_020,body,"10 · WHAT ACTUALLY CHANGED","Structured, governed brand voice","Voz de marca estructurada y gobernada",""
10_what_actually_changed_021,body,"10 · WHAT ACTUALLY CHANGED","KNOWLEDGE","CONOCIMIENTO",""
10_what_actually_changed_022,body,"10 · WHAT ACTUALLY CHANGED","Dispersed expertise","Experiencia dispersa",""
10_what_actually_changed_023,body,"10 · WHAT ACTUALLY CHANGED","Navigable support and editorial architecture","Arquitectura de apoyo y contenido editorial navegable",""
10_what_actually_changed_024,body,"10 · WHAT ACTUALLY CHANGED","PLATFORM","PLATAFORMA",""
10_what_actually_changed_025,body,"10 · WHAT ACTUALLY CHANGED","Instagram-dependent presence","Presencia dependiente de Instagram",""
10_what_actually_changed_026,body,"10 · WHAT ACTUALLY CHANGED","Owned bilingual support experience","Experiencia de apoyo bilingüe propia",""
10_what_actually_changed_027,body,"10 · WHAT ACTUALLY CHANGED","OPERATIONS","OPERACIÓN",""
10_what_actually_changed_028,body,"10 · WHAT ACTUALLY CHANGED","Individual publishing","Publicación individual",""
10_what_actually_changed_029,body,"10 · WHAT ACTUALLY CHANGED","Recurring operating and measurement rhythm","Ritmo recurrente de operación y medición",""
10_what_actually_changed_030,body,"10 · WHAT ACTUALLY CHANGED","BUSINESS","NEGOCIO",""
10_what_actually_changed_031,body,"10 · WHAT ACTUALLY CHANGED","Audience without a product pathway","Audiencia sin una ruta de producto",""
10_what_actually_changed_032,body,"10 · WHAT ACTUALLY CHANGED","Defined support and membership architecture","Arquitectura definida de apoyo y membresía",""
10_what_actually_changed_033,heading,"10 · WHAT ACTUALLY CHANGED","WHAT EXISTED","LO QUE EXISTÍA",""
10_what_actually_changed_034,body,"10 · WHAT ACTUALLY CHANGED","Trust, expertise, and audience were already present.","La confianza, la experiencia y la audiencia ya estaban presentes.",""
10_what_actually_changed_035,heading,"10 · WHAT ACTUALLY CHANGED","WHAT SHIPPED","LO QUE SE PUBLICÓ",""
10_what_actually_changed_036,body,"10 · WHAT ACTUALLY CHANGED","A public platform, four protocols, editorial and visual systems, and analytics instrumentation.","Una plataforma pública, cuatro protocolos, sistemas editoriales y visuales, e instrumentación analítica.",""
10_what_actually_changed_037,heading,"10 · WHAT ACTUALLY CHANGED","WHAT CHANGED","LO QUE CAMBIÓ",""
10_what_actually_changed_038,body,"10 · WHAT ACTUALLY CHANGED","The practice can publish, learn, and make decisions through a defined system.","La práctica puede publicar, aprender y tomar decisiones a través de un sistema definido.",""
10_what_actually_changed_039,heading,"10 · WHAT ACTUALLY CHANGED","WHAT BECAME POSSIBLE","LO QUE SE VOLVIÓ POSIBLE",""
10_what_actually_changed_040,body,"10 · WHAT ACTUALLY CHANGED","Owned bilingual support and a path from immediate relief toward continued care.","Apoyo bilingüe propio y un camino del alivio inmediato hacia el cuidado continuo.",""
10_what_actually_changed_041,heading,"10 · WHAT ACTUALLY CHANGED","WHAT REMAINS","LO QUE FALTA",""
10_what_actually_changed_042,body,"10 · WHAT ACTUALLY CHANGED","Adoption, retention, pricing, and commercial validation.","Adopción, retención, precio y validación comercial.",""
10_what_actually_changed_043,body,"10 · WHAT ACTUALLY CHANGED","Nari’s trust now has infrastructure.","La confianza de Nari ahora tiene infraestructura.",""
10_what_actually_changed_044,body,"10 · WHAT ACTUALLY CHANGED","WORKING EDIT · Private duplicate · Not linked from Studio navigation · Direct URL only","EDICIÓN DE TRABAJO · Duplicado privado · No enlazado desde la navegación del Estudio · Solo por URL directa",""